Date,Start (ET),Visitor/Neutral,PTS,Home/Neutral,PTS,,,Attend.,Notes,W
Tue Oct 19 2021,7:30p,Brooklyn Nets,104,Milwaukee Bucks,127,Box Score,,17341,,H
Tue Oct 19 2021,10:00p,Golden State Warriors,121,Los Angeles Lakers,114,Box Score,,18997,,V
Wed Oct 20 2021,7:00p,Indiana Pacers,122,Charlotte Hornets,123,Box Score,,15521,,H
Wed Oct 20 2021,7:00p,Chicago Bulls,94,Detroit Pistons,88,Box Score,,20088,,V
Wed Oct 20 2021,7:30p,Boston Celtics,134,New York Knicks,138,Box Score,2OT,19812,,H
Wed Oct 20 2021,7:30p,Washington Wizards,98,Toronto Raptors,83,Box Score,,19800,,V
Wed Oct 20 2021,8:00p,Cleveland Cavaliers,121,Memphis Grizzlies,132,Box Score,,15975,,H
Wed Oct 20 2021,8:00p,Houston Rockets,106,Minnesota Timberwolves,124,Box Score,,16079,,H
Wed Oct 20 2021,8:00p,Philadelphia 76ers,117,New Orleans Pelicans,97,Box Score,,12845,,V
Wed Oct 20 2021,8:30p,Orlando Magic,97,San Antonio Spurs,123,Box Score,,16697,,H
Wed Oct 20 2021,9:00p,Oklahoma City Thunder,86,Utah Jazz,107,Box Score,,18306,,H
Wed Oct 20 2021,10:00p,Sacramento Kings,124,Portland Trail Blazers,121,Box Score,,17467,,V
Wed Oct 20 2021,10:00p,Denver Nuggets,110,Phoenix Suns,98,Box Score,,16074,,V
Thu Oct 21 2021,7:30p,Dallas Mavericks,87,Atlanta Hawks,113,Box Score,,17162,,H
Thu Oct 21 2021,8:00p,Milwaukee Bucks,95,Miami Heat,137,Box Score,,19600,,H
Thu Oct 21 2021,10:00p,Los Angeles Clippers,113,Golden State Warriors,115,Box Score,,18064,,H
Fri Oct 22 2021,7:00p,New York Knicks,121,Orlando Magic,96,Box Score,,18846,,V
Fri Oct 22 2021,7:00p,Indiana Pacers,134,Washington Wizards,135,Box Score,OT,15407,,H
Fri Oct 22 2021,7:00p,Charlotte Hornets,123,Cleveland Cavaliers,112,Box Score,,17116,,V
Fri Oct 22 2021,7:30p,Toronto Raptors,115,Boston Celtics,83,Box Score,,19156,,V
Fri Oct 22 2021,7:30p,Brooklyn Nets,114,Philadelphia 76ers,109,Box Score,,20367,,V
Fri Oct 22 2021,8:00p,Oklahoma City Thunder,91,Houston Rockets,124,Box Score,,15674,,H
Fri Oct 22 2021,8:00p,New Orleans Pelicans,112,Chicago Bulls,128,Box Score,,20995,,H
Fri Oct 22 2021,9:00p,San Antonio Spurs,96,Denver Nuggets,102,Box Score,,19520,,H
Fri Oct 22 2021,10:00p,Phoenix Suns,115,Los Angeles Lakers,105,Box Score,,18997,,V
Fri Oct 22 2021,10:00p,Utah Jazz,110,Sacramento Kings,101,Box Score,,17583,,V
Sat Oct 23 2021,6:00p,Atlanta Hawks,95,Cleveland Cavaliers,101,Box Score,,16846,,H
Sat Oct 23 2021,7:00p,Miami Heat,91,Indiana Pacers,102,Box Score,OT,17147,,H
Sat Oct 23 2021,7:30p,Dallas Mavericks,103,Toronto Raptors,95,Box Score,,19800,,H
Sat Oct 23 2021,8:00p,Detroit Pistons,82,Chicago Bulls,97,Box Score,,18888,,H
Sat Oct 23 2021,8:00p,New Orleans Pelicans,89,Minnesota Timberwolves,96,Box Score,,15343,,H
Sat Oct 23 2021,8:30p,Milwaukee Bucks,121,San Antonio Spurs,111,Box Score,,14353,,V
Sat Oct 23 2021,10:00p,Phoenix Suns,105,Portland Trail Blazers,134,Box Score,,18558,,H
Sat Oct 23 2021,10:30p,Memphis Grizzlies,120,Los Angeles Clippers,114,Box Score,,16748,,V
Sun Oct 24 2021,4:00p,Charlotte Hornets,111,Brooklyn Nets,95,Box Score,,17732,,V
Sun Oct 24 2021,7:00p,Boston Celtics,107,Houston Rockets,97,Box Score,,16069,,V
Sun Oct 24 2021,7:00p,Orlando Magic,110,New York Knicks,104,Box Score,,16273,,V
Sun Oct 24 2021,7:00p,Philadelphia 76ers,115,Oklahoma City Thunder,103,Box Score,,14256,,V
Sun Oct 24 2021,9:00p,Golden State Warriors,119,Sacramento Kings,107,Box Score,,13876,,V
Sun Oct 24 2021,9:30p,Memphis Grizzlies,118,Los Angeles Lakers,121,Box Score,,18997,,H
Mon Oct 25 2021,7:00p,Boston Celtics,140,Charlotte Hornets,129,Box Score,OT,17238,,V
Mon Oct 25 2021,7:00p,Milwaukee Bucks,119,Indiana Pacers,109,Box Score,,10339,,V
Mon Oct 25 2021,7:30p,Chicago Bulls,111,Toronto Raptors,108,Box Score,,19800,,V
Mon Oct 25 2021,7:30p,Orlando Magic,90,Miami Heat,107,Box Score,,19600,,H
Mon Oct 25 2021,7:30p,Washington Wizards,90,Brooklyn Nets,104,Box Score,,14487,,H
Mon Oct 25 2021,7:30p,Detroit Pistons,104,Atlanta Hawks,122,Box Score,,14209,,H
Mon Oct 25 2021,8:00p,New Orleans Pelicans,107,Minnesota Timberwolves,98,Box Score,,14435,,V
Mon Oct 25 2021,9:00p,Cleveland Cavaliers,99,Denver Nuggets,87,Box Score,,14221,,V
Mon Oct 25 2021,10:30p,Portland Trail Blazers,86,Los Angeles Clippers,116,Box Score,,15672,,H
Tue Oct 26 2021,7:30p,Philadelphia 76ers,99,New York Knicks,112,Box Score,,15218,,H
Tue Oct 26 2021,8:00p,Golden State Warriors,106,Oklahoma City Thunder,98,Box Score,,0,,V
Tue Oct 26 2021,8:30p,Los Angeles Lakers,125,San Antonio Spurs,121,Box Score,OT,18354,,V
Tue Oct 26 2021,8:30p,Houston Rockets,106,Dallas Mavericks,116,Box Score,,19337,,H
Tue Oct 26 2021,10:00p,Denver Nuggets,110,Utah Jazz,122,Box Score,,18306,,H
Wed Oct 27 2021,7:00p,Charlotte Hornets,120,Orlando Magic,111,Box Score,,14082,,V
Wed Oct 27 2021,7:30p,Washington Wizards,116,Boston Celtics,107,Box Score,,,,V
Wed Oct 27 2021,7:30p,Miami Heat,106,Brooklyn Nets,93,Box Score,,17732,,V
Wed Oct 27 2021,7:30p,Indiana Pacers,100,Toronto Raptors,118,Box Score,,19800,,H
Wed Oct 27 2021,7:30p,Atlanta Hawks,102,New Orleans Pelicans,99,Box Score,,15541,,V
Wed Oct 27 2021,8:00p,Minnesota Timberwolves,113,Milwaukee Bucks,108,Box Score,,17341,,V
Wed Oct 27 2021,8:00p,Los Angeles Lakers,115,Oklahoma City Thunder,123,Box Score,,15783,,H
Wed Oct 27 2021,10:00p,Sacramento Kings,110,Phoenix Suns,107,Box Score,,14678,,V
Wed Oct 27 2021,10:00p,Memphis Grizzlies,96,Portland Trail Blazers,116,Box Score,,16241,,H
Wed Oct 27 2021,10:30p,Cleveland Cavaliers,92,Los Angeles Clippers,79,Box Score,,13276,,V
Thu Oct 28 2021,7:00p,Atlanta Hawks,111,Washington Wizards,122,Box Score,,13653,,H
Thu Oct 28 2021,7:00p,Detroit Pistons,102,Philadelphia 76ers,110,Box Score,,20017,,H
Thu Oct 28 2021,8:00p,Utah Jazz,122,Houston Rockets,91,Box Score,,15858,,V
Thu Oct 28 2021,8:00p,New York Knicks,104,Chicago Bulls,103,Box Score,,20972,,V
Thu Oct 28 2021,8:30p,San Antonio Spurs,99,Dallas Mavericks,104,Box Score,,19228,,H
Thu Oct 28 2021,10:00p,Memphis Grizzlies,104,Golden State Warriors,101,Box Score,OT,18064,,V
Fri Oct 29 2021,7:00p,Orlando Magic,109,Toronto Raptors,110,Box Score,,19800,,H
Fri Oct 29 2021,7:30p,Charlotte Hornets,99,Miami Heat,114,Box Score,,19600,,H
Fri Oct 29 2021,7:30p,Indiana Pacers,98,Brooklyn Nets,105,Box Score,,16139,,H
Fri Oct 29 2021,8:00p,Sacramento Kings,113,New Orleans Pelicans,109,Box Score,,17507,,V
Fri Oct 29 2021,10:00p,Dallas Mavericks,75,Denver Nuggets,106,Box Score,,18315,,H
Fri Oct 29 2021,10:00p,Los Angeles Clippers,92,Portland Trail Blazers,111,Box Score,,16510,,H
Fri Oct 29 2021,10:30p,Cleveland Cavaliers,101,Los Angeles Lakers,113,Box Score,,18997,,H
Sat Oct 30 2021,5:00p,Boston Celtics,112,Washington Wizards,115,Box Score,2OT,15813,,H
Sat Oct 30 2021,7:00p,Orlando Magic,103,Detroit Pistons,110,Box Score,,11423,,H
Sat Oct 30 2021,7:00p,New York Knicks,123,New Orleans Pelicans,117,Box Score,,16508,,V
Sat Oct 30 2021,7:30p,Toronto Raptors,97,Indiana Pacers,94,Box Score,,10578,,V
Sat Oct 30 2021,7:30p,Atlanta Hawks,94,Philadelphia 76ers,122,Box Score,,20031,,H
Sat Oct 30 2021,8:00p,Utah Jazz,99,Chicago Bulls,107,Box Score,,20668,,H
Sat Oct 30 2021,8:00p,Miami Heat,129,Memphis Grizzlies,103,Box Score,,15989,,V
Sat Oct 30 2021,8:00p,San Antonio Spurs,102,Milwaukee Bucks,93,Box Score,,17341,,V
Sat Oct 30 2021,8:30p,Oklahoma City Thunder,82,Golden State Warriors,103,Box Score,,18064,,H
Sat Oct 30 2021,9:00p,Denver Nuggets,93,Minnesota Timberwolves,91,Box Score,,17136,,V
Sat Oct 30 2021,10:00p,Cleveland Cavaliers,92,Phoenix Suns,101,Box Score,,14516,,H
Sun Oct 31 2021,3:30p,Sacramento Kings,99,Dallas Mavericks,105,Box Score,,19231,,H
Sun Oct 31 2021,7:00p,Portland Trail Blazers,113,Charlotte Hornets,125,Box Score,,14960,,H
Sun Oct 31 2021,7:00p,Utah Jazz,107,Milwaukee Bucks,95,Box Score,,17341,,V
Sun Oct 31 2021,7:30p,Detroit Pistons,91,Brooklyn Nets,117,Box Score,,13507,,H
Sun Oct 31 2021,10:30p,Houston Rockets,85,Los Angeles Lakers,95,Box Score,,16448,,H
Mon Nov 1 2021,7:00p,Cleveland Cavaliers,113,Charlotte Hornets,110,Box Score,,13889,,V
Mon Nov 1 2021,7:00p,San Antonio Spurs,118,Indiana Pacers,131,Box Score,,10227,,H
Mon Nov 1 2021,7:00p,Portland Trail Blazers,103,Philadelphia 76ers,113,Box Score,,20115,,H
Mon Nov 1 2021,7:30p,Washington Wizards,111,Atlanta Hawks,118,Box Score,,14632,,H
Mon Nov 1 2021,7:30p,Chicago Bulls,128,Boston Celtics,114,Box Score,,19156,,V
Mon Nov 1 2021,7:30p,Toronto Raptors,113,New York Knicks,104,Box Score,,16528,,V
Mon Nov 1 2021,8:00p,Denver Nuggets,97,Memphis Grizzlies,106,Box Score,,12683,,H
Mon Nov 1 2021,8:00p,Orlando Magic,115,Minnesota Timberwolves,97,Box Score,,14744,,V
Mon Nov 1 2021,10:30p,Oklahoma City Thunder,94,Los Angeles Clippers,99,Box Score,,13722,,H
Tue Nov 2 2021,7:00p,Milwaukee Bucks,117,Detroit Pistons,89,Box Score,,9254,,V
Tue Nov 2 2021,7:30p,Miami Heat,125,Dallas Mavericks,110,Box Score,,19255,,V
Tue Nov 2 2021,9:00p,Sacramento Kings,113,Utah Jazz,119,Box Score,,18306,,H
Tue Nov 2 2021,10:00p,New Orleans Pelicans,100,Phoenix Suns,112,Box Score,,14323,,H
Tue Nov 2 2021,10:30p,Houston Rockets,117,Los Angeles Lakers,119,Box Score,,18997,,H
Wed Nov 3 2021,7:00p,Portland Trail Blazers,104,Cleveland Cavaliers,107,Box Score,,16231,,H
Wed Nov 3 2021,7:00p,New York Knicks,98,Indiana Pacers,111,Box Score,,11607,,H
Wed Nov 3 2021,7:00p,Boston Celtics,92,Orlando Magic,79,Box Score,,12735,,V
Wed Nov 3 2021,7:00p,Chicago Bulls,98,Philadelphia 76ers,103,Box Score,,20438,,H
Wed Nov 3 2021,7:00p,Toronto Raptors,109,Washington Wizards,100,Box Score,,13538,,V
Wed Nov 3 2021,7:30p,Atlanta Hawks,108,Brooklyn Nets,117,Box Score,,17323,,H
Wed Nov 3 2021,8:00p,Denver Nuggets,106,Memphis Grizzlies,108,Box Score,,12977,,H
Wed Nov 3 2021,8:00p,Los Angeles Clippers,126,Minnesota Timberwolves,115,Box Score,,15386,,H
Wed Nov 3 2021,8:30p,Dallas Mavericks,109,San Antonio Spurs,108,Box Score,,16356,,V
Wed Nov 3 2021,10:00p,Charlotte Hornets,92,Golden State Warriors,114,Box Score,,18064,,H
Wed Nov 3 2021,10:00p,New Orleans Pelicans,99,Sacramento Kings,112,Box Score,,0,,H
Thu Nov 4 2021,7:00p,Philadelphia 76ers,109,Detroit Pistons,98,Box Score,,8702,,V
Thu Nov 4 2021,7:30p,Utah Jazz,116,Atlanta Hawks,98,Box Score,,16590,,V
Thu Nov 4 2021,7:30p,Boston Celtics,95,Miami Heat,78,Box Score,,19600,,V
Thu Nov 4 2021,10:00p,Houston Rockets,111,Phoenix Suns,123,Box Score,,15058,,H
Thu Nov 4 2021,10:30p,Oklahoma City Thunder,107,Los Angeles Lakers,104,Box Score,,18997,,V
Fri Nov 5 2021,7:00p,Brooklyn Nets,96,Detroit Pistons,90,Box Score,,14235,,V
Fri Nov 5 2021,7:00p,San Antonio Spurs,102,Orlando Magic,89,Box Score,,14101,,V
Fri Nov 5 2021,7:00p,Memphis Grizzlies,87,Washington Wizards,115,Box Score,,16302,,H
Fri Nov 5 2021,7:30p,New York Knicks,113,Milwaukee Bucks,98,Box Score,,17341,,V
Fri Nov 5 2021,7:30p,Cleveland Cavaliers,102,Toronto Raptors,101,Box Score,,19800,,V
Fri Nov 5 2021,8:00p,Los Angeles Clippers,104,Minnesota Timberwolves,84,Box Score,,17136,,V
Fri Nov 5 2021,10:00p,New Orleans Pelicans,85,Golden State Warriors,126,Box Score,,18064,,H
Fri Nov 5 2021,10:00p,Indiana Pacers,106,Portland Trail Blazers,110,Box Score,,16841,,H
Fri Nov 5 2021,10:00p,Charlotte Hornets,110,Sacramento Kings,140,Box Score,,14905,,H
Sat Nov 6 2021,5:00p,Houston Rockets,94,Denver Nuggets,95,Box Score,,16046,,H
Sat Nov 6 2021,7:30p,Utah Jazz,115,Miami Heat,118,Box Score,,19600,,H
Sat Nov 6 2021,8:00p,Philadelphia 76ers,114,Chicago Bulls,105,Box Score,,20936,,V
Sat Nov 6 2021,8:30p,Boston Celtics,104,Dallas Mavericks,107,Box Score,,20052,,H
Sat Nov 6 2021,10:00p,Atlanta Hawks,117,Phoenix Suns,121,Box Score,,15412,,H
Sat Nov 6 2021,10:30p,Los Angeles Lakers,90,Portland Trail Blazers,105,Box Score,,19393,,H
Sun Nov 7 2021,3:30p,Brooklyn Nets,116,Toronto Raptors,103,Box Score,,19800,,V
Sun Nov 7 2021,6:00p,Cleveland Cavaliers,126,New York Knicks,109,Box Score,,19040,,V
Sun Nov 7 2021,6:00p,Utah Jazz,100,Orlando Magic,107,Box Score,,13386,,H
Sun Nov 7 2021,6:00p,Indiana Pacers,94,Sacramento Kings,91,Box Score,,12993,,V
Sun Nov 7 2021,6:00p,Milwaukee Bucks,94,Washington Wizards,101,Box Score,,15570,,H
Sun Nov 7 2021,7:00p,San Antonio Spurs,94,Oklahoma City Thunder,99,Box Score,,12972,,H
Sun Nov 7 2021,8:30p,Houston Rockets,107,Golden State Warriors,120,Box Score,,18064,,H
Sun Nov 7 2021,9:00p,Charlotte Hornets,106,Los Angeles Clippers,120,Box Score,,15781,,H
Mon Nov 8 2021,7:00p,New York Knicks,103,Philadelphia 76ers,96,Box Score,,20224,,V
Mon Nov 8 2021,8:00p,Brooklyn Nets,95,Chicago Bulls,118,Box Score,,19459,,H
Mon Nov 8 2021,8:00p,Minnesota Timberwolves,118,Memphis Grizzlies,125,Box Score,OT,12416,,H
Mon Nov 8 2021,8:30p,New Orleans Pelicans,92,Dallas Mavericks,108,Box Score,,19231,,H
Mon Nov 8 2021,9:00p,Miami Heat,96,Denver Nuggets,113,Box Score,,15577,,H
Mon Nov 8 2021,10:00p,Atlanta Hawks,113,Golden State Warriors,127,Box Score,,18064,,H
Mon Nov 8 2021,10:00p,Phoenix Suns,109,Sacramento Kings,104,Box Score,,13566,,V
Mon Nov 8 2021,10:30p,Charlotte Hornets,123,Los Angeles Lakers,126,Box Score,OT,18997,,H
Tue Nov 9 2021,7:30p,Milwaukee Bucks,118,Philadelphia 76ers,109,Box Score,,20029,,V
Tue Nov 9 2021,9:00p,Atlanta Hawks,98,Utah Jazz,110,Box Score,,18306,,H
Tue Nov 9 2021,10:00p,Portland Trail Blazers,109,Los Angeles Clippers,117,Box Score,,14131,,H
Wed Nov 10 2021,7:00p,Washington Wizards,97,Cleveland Cavaliers,94,Box Score,,18056,,V
Wed Nov 10 2021,7:00p,Brooklyn Nets,123,Orlando Magic,90,Box Score,,13882,,V
Wed Nov 10 2021,7:30p,Toronto Raptors,88,Boston Celtics,104,Box Score,,19156,,H
Wed Nov 10 2021,7:30p,Detroit Pistons,112,Houston Rockets,104,Box Score,,15350,,V
Wed Nov 10 2021,7:30p,Milwaukee Bucks,112,New York Knicks,100,Box Score,,18027,,V
Wed Nov 10 2021,8:00p,Dallas Mavericks,107,Chicago Bulls,117,Box Score,,20910,,H
Wed Nov 10 2021,8:00p,Charlotte Hornets,118,Memphis Grizzlies,108,Box Score,,13880,,V
Wed Nov 10 2021,8:00p,Oklahoma City Thunder,108,New Orleans Pelicans,100,Box Score,,15355,,V
Wed Nov 10 2021,8:30p,Sacramento Kings,117,San Antonio Spurs,136,Box Score,,15065,,H
Wed Nov 10 2021,9:00p,Indiana Pacers,98,Denver Nuggets,101,Box Score,,15232,,H
Wed Nov 10 2021,9:00p,Portland Trail Blazers,109,Phoenix Suns,119,Box Score,,15672,,H
Wed Nov 10 2021,10:00p,Minnesota Timberwolves,110,Golden State Warriors,123,Box Score,,18064,,H
Wed Nov 10 2021,10:00p,Miami Heat,117,Los Angeles Lakers,120,Box Score,OT,18997,,H
Thu Nov 11 2021,7:00p,Toronto Raptors,115,Philadelphia 76ers,109,Box Score,,20112,,V
Thu Nov 11 2021,9:00p,Indiana Pacers,111,Utah Jazz,100,Box Score,,18306,,V
Thu Nov 11 2021,10:30p,Miami Heat,109,Los Angeles Clippers,112,Box Score,,16150,,H
Fri Nov 12 2021,7:00p,New York Knicks,96,Charlotte Hornets,104,Box Score,,19257,,H
Fri Nov 12 2021,7:30p,Milwaukee Bucks,113,Boston Celtics,122,Box Score,OT,19156,,H
Fri Nov 12 2021,7:30p,Detroit Pistons,78,Cleveland Cavaliers,98,Box Score,,17095,,H
Fri Nov 12 2021,8:00p,Portland Trail Blazers,104,Houston Rockets,92,Box Score,,15468,,V
Fri Nov 12 2021,8:00p,Phoenix Suns,119,Memphis Grizzlies,94,Box Score,,15886,,V
Fri Nov 12 2021,8:00p,Brooklyn Nets,120,New Orleans Pelicans,112,Box Score,,14650,,V
Fri Nov 12 2021,8:00p,Sacramento Kings,103,Oklahoma City Thunder,105,Box Score,,12881,,H
Fri Nov 12 2021,8:30p,Dallas Mavericks,123,San Antonio Spurs,109,Box Score,,13425,,V
Fri Nov 12 2021,9:00p,Atlanta Hawks,96,Denver Nuggets,105,Box Score,,16849,,H
Fri Nov 12 2021,10:00p,Chicago Bulls,93,Golden State Warriors,119,Box Score,,18064,,H
Fri Nov 12 2021,10:30p,Minnesota Timberwolves,107,Los Angeles Lakers,83,Box Score,,18997,,V
Sat Nov 13 2021,5:00p,Miami Heat,111,Utah Jazz,105,Box Score,,18306,,V
Sat Nov 13 2021,7:00p,Philadelphia 76ers,113,Indiana Pacers,118,Box Score,,14483,,H
Sat Nov 13 2021,7:00p,Memphis Grizzlies,101,New Orleans Pelicans,112,Box Score,,14358,,H
Sat Nov 13 2021,7:00p,Washington Wizards,104,Orlando Magic,92,Box Score,,17272,,V
Sat Nov 13 2021,7:30p,Detroit Pistons,127,Toronto Raptors,121,Box Score,,19800,,V
Sat Nov 13 2021,8:00p,Boston Celtics,89,Cleveland Cavaliers,91,Box Score,,19432,,H
Sat Nov 13 2021,10:30p,Minnesota Timberwolves,102,Los Angeles Clippers,129,Box Score,,15285,,H
Sun Nov 14 2021,3:30p,San Antonio Spurs,106,Los Angeles Lakers,114,Box Score,,18997,,H
Sun Nov 14 2021,6:00p,Milwaukee Bucks,100,Atlanta Hawks,120,Box Score,,16901,,H
Sun Nov 14 2021,7:00p,Golden State Warriors,102,Charlotte Hornets,106,Box Score,,19559,,H
Sun Nov 14 2021,7:00p,Phoenix Suns,115,Houston Rockets,89,Box Score,,16088,,V
Sun Nov 14 2021,7:00p,Brooklyn Nets,120,Oklahoma City Thunder,96,Box Score,,15080,,V
Sun Nov 14 2021,8:00p,Portland Trail Blazers,95,Denver Nuggets,124,Box Score,,14583,,H
Sun Nov 14 2021,9:30p,Chicago Bulls,100,Los Angeles Clippers,90,Box Score,,17899,,V
Mon Nov 15 2021,7:00p,Boston Celtics,98,Cleveland Cavaliers,92,Box Score,,17186,,V
Mon Nov 15 2021,7:00p,Sacramento Kings,129,Detroit Pistons,107,Box Score,,10092,,V
Mon Nov 15 2021,7:00p,New Orleans Pelicans,100,Washington Wizards,105,Box Score,,13914,,H
Mon Nov 15 2021,7:30p,Orlando Magic,111,Atlanta Hawks,129,Box Score,,13061,,H
Mon Nov 15 2021,7:30p,Indiana Pacers,84,New York Knicks,92,Box Score,,16792,,H
Mon Nov 15 2021,8:00p,Denver Nuggets,101,Dallas Mavericks,111,Box Score,,19797,,H
Mon Nov 15 2021,8:00p,Houston Rockets,102,Memphis Grizzlies,136,Box Score,,11482,,H
Mon Nov 15 2021,8:00p,Phoenix Suns,99,Minnesota Timberwolves,96,Box Score,,16274,,V
Mon Nov 15 2021,8:00p,Miami Heat,103,Oklahoma City Thunder,90,Box Score,,12330,,V
Mon Nov 15 2021,10:00p,Toronto Raptors,113,Portland Trail Blazers,118,Box Score,,16142,,H
Mon Nov 15 2021,10:30p,Chicago Bulls,121,Los Angeles Lakers,103,Box Score,,18997,,V
Tue Nov 16 2021,7:30p,Golden State Warriors,117,Brooklyn Nets,99,Box Score,,17732,,V
Tue Nov 16 2021,10:00p,Philadelphia 76ers,85,Utah Jazz,120,Box Score,,18306,,H
Tue Nov 16 2021,10:30p,San Antonio Spurs,92,Los Angeles Clippers,106,Box Score,,13298,,H
Wed Nov 17 2021,7:00p,Washington Wizards,87,Charlotte Hornets,97,Box Score,,14402,,H
Wed Nov 17 2021,7:00p,Indiana Pacers,89,Detroit Pistons,97,Box Score,,11457,,H
Wed Nov 17 2021,7:30p,Boston Celtics,99,Atlanta Hawks,110,Box Score,,16445,,H
Wed Nov 17 2021,7:30p,Cleveland Cavaliers,99,Brooklyn Nets,109,Box Score,,16922,,H
Wed Nov 17 2021,7:30p,New Orleans Pelicans,98,Miami Heat,113,Box Score,,19600,,H
Wed Nov 17 2021,7:30p,Los Angeles Lakers,102,Milwaukee Bucks,109,Box Score,,17341,,H
Wed Nov 17 2021,7:30p,Orlando Magic,104,New York Knicks,98,Box Score,,16680,,V
Wed Nov 17 2021,8:00p,Sacramento Kings,97,Minnesota Timberwolves,107,Box Score,,13108,,H
Wed Nov 17 2021,8:00p,Houston Rockets,89,Oklahoma City Thunder,101,Box Score,,12066,,H
Wed Nov 17 2021,10:00p,Dallas Mavericks,98,Phoenix Suns,105,Box Score,,14838,,H
Wed Nov 17 2021,10:00p,Chicago Bulls,107,Portland Trail Blazers,112,Box Score,,17492,,H
Thu Nov 18 2021,7:30p,Golden State Warriors,104,Cleveland Cavaliers,89,Box Score,,19432,,V
Thu Nov 18 2021,7:30p,Washington Wizards,97,Miami Heat,112,Box Score,,19600,,H
Thu Nov 18 2021,8:00p,Los Angeles Clippers,108,Memphis Grizzlies,120,Box Score,,13419,,H
Thu Nov 18 2021,8:00p,San Antonio Spurs,90,Minnesota Timberwolves,115,Box Score,,13572,,H
Thu Nov 18 2021,9:00p,Philadelphia 76ers,103,Denver Nuggets,89,Box Score,,14547,,V
Thu Nov 18 2021,9:00p,Toronto Raptors,103,Utah Jazz,119,Box Score,,18306,,H
Fri Nov 19 2021,7:00p,Indiana Pacers,118,Charlotte Hornets,121,Box Score,,16787,,H
Fri Nov 19 2021,7:00p,Golden State Warriors,105,Detroit Pistons,102,Box Score,,20088,,V
Fri Nov 19 2021,7:30p,Los Angeles Lakers,108,Boston Celtics,130,Box Score,,19156,,H
Fri Nov 19 2021,7:30p,Orlando Magic,113,Brooklyn Nets,115,Box Score,,16966,,H
Fri Nov 19 2021,8:00p,Oklahoma City Thunder,89,Milwaukee Bucks,96,Box Score,,17341,,H
Fri Nov 19 2021,8:00p,Los Angeles Clippers,81,New Orleans Pelicans,94,Box Score,,15274,,H
Fri Nov 19 2021,9:00p,Chicago Bulls,114,Denver Nuggets,108,Box Score,,19520,,V
Fri Nov 19 2021,10:00p,Dallas Mavericks,104,Phoenix Suns,112,Box Score,,17071,,H
Fri Nov 19 2021,10:00p,Toronto Raptors,108,Sacramento Kings,89,Box Score,,13159,,V
Sat Nov 20 2021,5:00p,Houston Rockets,99,New York Knicks,106,Box Score,,19812,,H
Sat Nov 20 2021,7:00p,New Orleans Pelicans,94,Indiana Pacers,111,Box Score,,15081,,H
Sat Nov 20 2021,7:00p,Miami Heat,100,Washington Wizards,103,Box Score,,20476,,H
Sat Nov 20 2021,7:30p,Charlotte Hornets,105,Atlanta Hawks,115,Box Score,,17320,,H
Sat Nov 20 2021,7:30p,Oklahoma City Thunder,105,Boston Celtics,111,Box Score,,19156,,H
Sat Nov 20 2021,8:00p,Orlando Magic,108,Milwaukee Bucks,117,Box Score,,17341,,H
Sat Nov 20 2021,8:00p,Memphis Grizzlies,95,Minnesota Timberwolves,138,Box Score,,17136,,H
Sat Nov 20 2021,10:00p,Philadelphia 76ers,111,Portland Trail Blazers,118,Box Score,,17027,,H
Sat Nov 20 2021,10:00p,Utah Jazz,123,Sacramento Kings,105,Box Score,,13180,,V
Sun Nov 21 2021,3:30p,Dallas Mavericks,91,Los Angeles Clippers,97,Box Score,,17149,,H
Sun Nov 21 2021,6:00p,Los Angeles Lakers,121,Detroit Pistons,116,Box Score,,15532,,V
Sun Nov 21 2021,8:00p,New York Knicks,103,Chicago Bulls,109,Box Score,,21813,,H
Sun Nov 21 2021,8:00p,Denver Nuggets,97,Phoenix Suns,126,Box Score,,16072,,H
Sun Nov 21 2021,8:30p,Toronto Raptors,104,Golden State Warriors,119,Box Score,,18064,,H
Mon Nov 22 2021,7:00p,Brooklyn Nets,117,Cleveland Cavaliers,112,Box Score,,17387,,V
Mon Nov 22 2021,7:00p,Charlotte Hornets,109,Washington Wizards,103,Box Score,,16575,,V
Mon Nov 22 2021,7:30p,Oklahoma City Thunder,101,Atlanta Hawks,113,Box Score,,15806,,H
Mon Nov 22 2021,7:30p,Houston Rockets,90,Boston Celtics,108,Box Score,,19156,,H
Mon Nov 22 2021,8:00p,Indiana Pacers,109,Chicago Bulls,77,Box Score,,21586,,V
Mon Nov 22 2021,8:00p,Orlando Magic,92,Milwaukee Bucks,123,Box Score,,17341,,H
Mon Nov 22 2021,8:00p,Minnesota Timberwolves,110,New Orleans Pelicans,96,Box Score,,15689,,V
Mon Nov 22 2021,8:30p,Phoenix Suns,115,San Antonio Spurs,111,Box Score,,14715,,V
Mon Nov 22 2021,9:00p,Memphis Grizzlies,119,Utah Jazz,118,Box Score,,18306,,V
Mon Nov 22 2021,10:00p,Philadelphia 76ers,102,Sacramento Kings,94,Box Score,,13948,,V
Tue Nov 23 2021,7:00p,Miami Heat,100,Detroit Pistons,92,Box Score,,13123,,V
Tue Nov 23 2021,7:30p,Los Angeles Lakers,100,New York Knicks,106,Box Score,,19812,,H
Tue Nov 23 2021,10:00p,Denver Nuggets,100,Portland Trail Blazers,119,Box Score,,17052,,H
Tue Nov 23 2021,10:30p,Dallas Mavericks,112,Los Angeles Clippers,104,Box Score,OT,17067,,V
Wed Nov 24 2021,7:00p,Phoenix Suns,120,Cleveland Cavaliers,115,Box Score,,18055,,V
Wed Nov 24 2021,7:00p,Los Angeles Lakers,124,Indiana Pacers,116,Box Score,OT,15572,,V
Wed Nov 24 2021,7:00p,Charlotte Hornets,106,Orlando Magic,99,Box Score,,16114,,V
Wed Nov 24 2021,7:30p,Brooklyn Nets,123,Boston Celtics,104,Box Score,,19156,,V
Wed Nov 24 2021,8:00p,Chicago Bulls,113,Houston Rockets,118,Box Score,,16074,,H
Wed Nov 24 2021,8:00p,Toronto Raptors,126,Memphis Grizzlies,113,Box Score,,15409,,V
Wed Nov 24 2021,8:00p,Detroit Pistons,93,Milwaukee Bucks,114,Box Score,,17341,,H
Wed Nov 24 2021,8:00p,Miami Heat,101,Minnesota Timberwolves,113,Box Score,,17136,,H
Wed Nov 24 2021,8:00p,Washington Wizards,102,New Orleans Pelicans,127,Box Score,,14659,,H
Wed Nov 24 2021,8:00p,Utah Jazz,110,Oklahoma City Thunder,104,Box Score,,14081,,V
Wed Nov 24 2021,8:30p,Atlanta Hawks,124,San Antonio Spurs,106,Box Score,,13161,,V
Wed Nov 24 2021,10:00p,Philadelphia 76ers,96,Golden State Warriors,116,Box Score,,18064,,H
Wed Nov 24 2021,10:00p,Portland Trail Blazers,121,Sacramento Kings,125,Box Score,,14997,,H
Fri Nov 26 2021,3:30p,Detroit Pistons,96,Los Angeles Clippers,107,Box Score,,18139,,H
Fri Nov 26 2021,7:00p,Minnesota Timberwolves,115,Charlotte Hornets,133,Box Score,,19314,,H
Fri Nov 26 2021,7:00p,Phoenix Suns,118,New York Knicks,97,Box Score,,19812,,V
Fri Nov 26 2021,7:00p,Chicago Bulls,123,Orlando Magic,88,Box Score,,18236,,V
Fri Nov 26 2021,8:00p,Toronto Raptors,97,Indiana Pacers,114,Box Score,,13508,,H
Fri Nov 26 2021,8:00p,Atlanta Hawks,132,Memphis Grizzlies,100,Box Score,,16622,,V
Fri Nov 26 2021,8:00p,Washington Wizards,101,Oklahoma City Thunder,99,Box Score,,14579,,V
Fri Nov 26 2021,8:30p,Boston Celtics,88,San Antonio Spurs,96,Box Score,,15360,,H
Fri Nov 26 2021,9:00p,Milwaukee Bucks,120,Denver Nuggets,109,Box Score,,19520,,V
Fri Nov 26 2021,9:00p,New Orleans Pelicans,98,Utah Jazz,97,Box Score,,18306,,V
Fri Nov 26 2021,10:00p,Portland Trail Blazers,103,Golden State Warriors,118,Box Score,,18064,,H
Fri Nov 26 2021,10:30p,Sacramento Kings,141,Los Angeles Lakers,137,Box Score,3OT,18997,,V
Sat Nov 27 2021,6:00p,Minnesota Timberwolves,121,Philadelphia 76ers,120,Box Score,2OT,21011,,H
Sat Nov 27 2021,7:30p,New York Knicks,99,Atlanta Hawks,90,Box Score,,17287,,V
Sat Nov 27 2021,7:30p,Phoenix Suns,113,Brooklyn Nets,107,Box Score,,18071,,V
Sat Nov 27 2021,8:00p,Miami Heat,107,Chicago Bulls,104,Box Score,,21110,,V
Sat Nov 27 2021,8:00p,Orlando Magic,92,Cleveland Cavaliers,105,Box Score,,18248,,H
Sat Nov 27 2021,8:00p,Charlotte Hornets,143,Houston Rockets,146,Box Score,OT,14687,,H
Sat Nov 27 2021,8:30p,Washington Wizards,120,Dallas Mavericks,114,Box Score,,20223,,V
Sat Nov 27 2021,9:00p,New Orleans Pelicans,105,Utah Jazz,127,Box Score,,18306,,H
Sun Nov 28 2021,3:30p,Golden State Warriors,105,Los Angeles Clippers,90,Box Score,,19068,,V
Sun Nov 28 2021,5:00p,Milwaukee Bucks,118,Indiana Pacers,100,Box Score,,13130,,V
Sun Nov 28 2021,6:00p,Sacramento Kings,101,Memphis Grizzlies,128,Box Score,,12844,,H
Sun Nov 28 2021,6:00p,Boston Celtics,109,Toronto Raptors,97,Box Score,,19800,,V
Sun Nov 28 2021,9:30p,Detroit Pistons,106,Los Angeles Lakers,110,Box Score,,18997,,H
Mon Nov 29 2021,7:00p,Orlando Magic,96,Philadelphia 76ers,101,Box Score,,20193,,H
Mon Nov 29 2021,7:30p,Denver Nuggets,120,Miami Heat,111,Box Score,,19600,,V
Mon Nov 29 2021,8:00p,Charlotte Hornets,119,Chicago Bulls,133,Box Score,,21366,,H
Mon Nov 29 2021,8:00p,Oklahoma City Thunder,89,Houston Rockets,102,Box Score,,12829,,H
Mon Nov 29 2021,8:00p,Indiana Pacers,98,Minnesota Timberwolves,100,Box Score,,14191,,H
Mon Nov 29 2021,8:30p,Cleveland Cavaliers,114,Dallas Mavericks,96,Box Score,,19229,,V
Mon Nov 29 2021,8:30p,Washington Wizards,99,San Antonio Spurs,116,Box Score,,12606,,H
Mon Nov 29 2021,9:00p,Portland Trail Blazers,107,Utah Jazz,129,Box Score,,18306,,H
Mon Nov 29 2021,10:30p,New Orleans Pelicans,123,Los Angeles Clippers,104,Box Score,,15691,,V
Tue Nov 30 2021,7:30p,New York Knicks,110,Brooklyn Nets,112,Box Score,,18081,,H
Tue Nov 30 2021,7:30p,Memphis Grizzlies,98,Toronto Raptors,91,Box Score,,19800,,V
Tue Nov 30 2021,10:00p,Golden State Warriors,96,Phoenix Suns,104,Box Score,,17071,,H
Tue Nov 30 2021,10:00p,Detroit Pistons,92,Portland Trail Blazers,110,Box Score,,16071,,H
Tue Nov 30 2021,10:00p,Los Angeles Lakers,117,Sacramento Kings,92,Box Score,,12459,,V
Wed Dec 1 2021,7:00p,Atlanta Hawks,114,Indiana Pacers,111,Box Score,,12656,,V
Wed Dec 1 2021,7:00p,Denver Nuggets,103,Orlando Magic,108,Box Score,,14191,,H
Wed Dec 1 2021,7:00p,Minnesota Timberwolves,107,Washington Wizards,115,Box Score,,15318,,H
Wed Dec 1 2021,7:30p,Philadelphia 76ers,87,Boston Celtics,88,Box Score,,19156,,H
Wed Dec 1 2021,7:30p,Cleveland Cavaliers,111,Miami Heat,85,Box Score,,19600,,V
Wed Dec 1 2021,8:00p,Charlotte Hornets,125,Milwaukee Bucks,127,Box Score,,17341,,H
Wed Dec 1 2021,8:00p,Dallas Mavericks,139,New Orleans Pelicans,107,Box Score,,15558,,V
Wed Dec 1 2021,8:00p,Houston Rockets,114,Oklahoma City Thunder,110,Box Score,,13222,,H
Wed Dec 1 2021,10:30p,Sacramento Kings,124,Los Angeles Clippers,115,Box Score,,17217,,V
Thu Dec 2 2021,7:30p,Chicago Bulls,119,New York Knicks,115,Box Score,,19812,,V
Thu Dec 2 2021,7:30p,Milwaukee Bucks,93,Toronto Raptors,97,Box Score,,19800,,H
Thu Dec 2 2021,8:00p,Oklahoma City Thunder,79,Memphis Grizzlies,152,Box Score,,13103,,H
Thu Dec 2 2021,9:00p,Detroit Pistons,103,Phoenix Suns,114,Box Score,,0,,H
Thu Dec 2 2021,10:00p,San Antonio Spurs,114,Portland Trail Blazers,83,Box Score,,16143,,V
Fri Dec 3 2021,7:00p,Miami Heat,113,Indiana Pacers,104,Box Score,,13854,,V
Fri Dec 3 2021,7:00p,Cleveland Cavaliers,116,Washington Wizards,101,Box Score,,17227,,V
Fri Dec 3 2021,7:30p,Philadelphia 76ers,98,Atlanta Hawks,96,Box Score,,17092,,V
Fri Dec 3 2021,7:30p,Minnesota Timberwolves,105,Brooklyn Nets,110,Box Score,,17732,,H
Fri Dec 3 2021,8:00p,Orlando Magic,116,Houston Rockets,118,Box Score,,13697,,H
Fri Dec 3 2021,8:30p,New Orleans Pelicans,107,Dallas Mavericks,91,Box Score,,19218,,V
Fri Dec 3 2021,9:00p,Boston Celtics,130,Utah Jazz,137,Box Score,,18306,,H
Fri Dec 3 2021,10:00p,Phoenix Suns,96,Golden State Warriors,118,Box Score,,18064,,H
Fri Dec 3 2021,10:00p,Los Angeles Clippers,119,Los Angeles Lakers,115,Box Score,,18997,,V
Sat Dec 4 2021,1:00p,Denver Nuggets,113,New York Knicks,99,Box Score,,18272,,V
Sat Dec 4 2021,8:00p,Chicago Bulls,111,Brooklyn Nets,107,Box Score,,18116,,V
Sat Dec 4 2021,8:00p,Miami Heat,102,Milwaukee Bucks,124,Box Score,,17341,,H
Sat Dec 4 2021,8:30p,Memphis Grizzlies,97,Dallas Mavericks,90,Box Score,,19396,,V
Sat Dec 4 2021,8:30p,San Antonio Spurs,112,Golden State Warriors,107,Box Score,,18064,,V
Sat Dec 4 2021,10:00p,Boston Celtics,145,Portland Trail Blazers,117,Box Score,,18193,,V
Sat Dec 4 2021,10:00p,Los Angeles Clippers,99,Sacramento Kings,104,Box Score,,15004,,H
Sun Dec 5 2021,3:30p,Utah Jazz,109,Cleveland Cavaliers,108,Box Score,,18113,,V
Sun Dec 5 2021,6:00p,Charlotte Hornets,130,Atlanta Hawks,127,Box Score,,16383,,V
Sun Dec 5 2021,6:00p,Washington Wizards,90,Toronto Raptors,102,Box Score,,19800,,H
Sun Dec 5 2021,7:00p,New Orleans Pelicans,108,Houston Rockets,118,Box Score,,14771,,H
Mon Dec 6 2021,7:00p,Philadelphia 76ers,,Charlotte Hornets,,,,,
Mon Dec 6 2021,7:00p,Oklahoma City Thunder,,Detroit Pistons,,,,,
Mon Dec 6 2021,7:00p,Washington Wizards,,Indiana Pacers,,,,,
Mon Dec 6 2021,7:30p,Memphis Grizzlies,,Miami Heat,,,,,
Mon Dec 6 2021,8:00p,Denver Nuggets,,Chicago Bulls,,,,,
Mon Dec 6 2021,8:00p,Cleveland Cavaliers,,Milwaukee Bucks,,,,,
Mon Dec 6 2021,8:00p,Atlanta Hawks,,Minnesota Timberwolves,,,,,
Mon Dec 6 2021,9:00p,San Antonio Spurs,,Phoenix Suns,,,,,
Mon Dec 6 2021,10:00p,Orlando Magic,,Golden State Warriors,,,,,
Mon Dec 6 2021,10:00p,Los Angeles Clippers,,Portland Trail Blazers,,,,,
Tue Dec 7 2021,7:30p,Brooklyn Nets,,Dallas Mavericks,,,,,
Tue Dec 7 2021,8:30p,New York Knicks,,San Antonio Spurs,,,,,
Tue Dec 7 2021,10:00p,Boston Celtics,,Los Angeles Lakers,,,,,
Wed Dec 8 2021,7:00p,Philadelphia 76ers,,Charlotte Hornets,,,,,
Wed Dec 8 2021,7:00p,Chicago Bulls,,Cleveland Cavaliers,,,,,
Wed Dec 8 2021,7:00p,Washington Wizards,,Detroit Pistons,,,,,
Wed Dec 8 2021,7:00p,New York Knicks,,Indiana Pacers,,,,,
Wed Dec 8 2021,7:30p,Milwaukee Bucks,,Miami Heat,,,,,
Wed Dec 8 2021,7:30p,Oklahoma City Thunder,,Toronto Raptors,,,,,
Wed Dec 8 2021,8:00p,Brooklyn Nets,,Houston Rockets,,,,,
Wed Dec 8 2021,8:00p,Dallas Mavericks,,Memphis Grizzlies,,,,,
Wed Dec 8 2021,8:00p,Utah Jazz,,Minnesota Timberwolves,,,,,
Wed Dec 8 2021,8:00p,Denver Nuggets,,New Orleans Pelicans,,,,,
Wed Dec 8 2021,10:00p,Portland Trail Blazers,,Golden State Warriors,,,,,
Wed Dec 8 2021,10:00p,Orlando Magic,,Sacramento Kings,,,,,
Wed Dec 8 2021,10:30p,Boston Celtics,,Los Angeles Clippers,,,,,
Thu Dec 9 2021,7:00p,Utah Jazz,,Philadelphia 76ers,,,,,
Thu Dec 9 2021,8:00p,Los Angeles Lakers,,Memphis Grizzlies,,,,,
Thu Dec 9 2021,8:30p,Denver Nuggets,,San Antonio Spurs,,,,,
Fri Dec 10 2021,7:00p,Sacramento Kings,,Charlotte Hornets,,,,,
Fri Dec 10 2021,7:00p,Dallas Mavericks,,Indiana Pacers,,,,,
Fri Dec 10 2021,7:30p,Brooklyn Nets,,Atlanta Hawks,,,,,
Fri Dec 10 2021,7:30p,New York Knicks,,Toronto Raptors,,,,,
Fri Dec 10 2021,8:00p,Milwaukee Bucks,,Houston Rockets,,,,,
Fri Dec 10 2021,8:00p,Cleveland Cavaliers,,Minnesota Timberwolves,,,,,
Fri Dec 10 2021,8:00p,Detroit Pistons,,New Orleans Pelicans,,,,,
Fri Dec 10 2021,8:00p,Los Angeles Lakers,,Oklahoma City Thunder,,,,,
Fri Dec 10 2021,10:00p,Boston Celtics,,Phoenix Suns,,,,,
Sat Dec 11 2021,3:30p,Orlando Magic,,Los Angeles Clippers,,,,,
Sat Dec 11 2021,7:00p,Utah Jazz,,Washington Wizards,,,,,
Sat Dec 11 2021,8:00p,Sacramento Kings,,Cleveland Cavaliers,,,,,
Sat Dec 11 2021,8:00p,Houston Rockets,,Memphis Grizzlies,,,,,
Sat Dec 11 2021,8:00p,Chicago Bulls,,Miami Heat,,,,,
Sat Dec 11 2021,8:30p,Golden State Warriors,,Philadelphia 76ers,,,,,
Sat Dec 11 2021,8:30p,Denver Nuggets,,San Antonio Spurs,,,,,
Sun Dec 12 2021,12:00p,Milwaukee Bucks,,New York Knicks,,,,,
Sun Dec 12 2021,6:00p,Brooklyn Nets,,Detroit Pistons,,,,,
Sun Dec 12 2021,7:00p,Dallas Mavericks,,Oklahoma City Thunder,,,,,
Sun Dec 12 2021,7:00p,New Orleans Pelicans,,San Antonio Spurs,,,,,
Sun Dec 12 2021,9:00p,Minnesota Timberwolves,,Portland Trail Blazers,,,,,
Sun Dec 12 2021,9:30p,Orlando Magic,,Los Angeles Lakers,,,,,
Mon Dec 13 2021,7:00p,Miami Heat,,Cleveland Cavaliers,,,,,
Mon Dec 13 2021,7:00p,Golden State Warriors,,Indiana Pacers,,,,,
Mon Dec 13 2021,7:00p,Sacramento Kings,,Toronto Raptors,,,,,
Mon Dec 13 2021,7:30p,Houston Rockets,,Atlanta Hawks,,,,,
Mon Dec 13 2021,7:30p,Milwaukee Bucks,,Boston Celtics,,,,,
Mon Dec 13 2021,8:00p,Philadelphia 76ers,,Memphis Grizzlies,,,,,
Mon Dec 13 2021,8:30p,Charlotte Hornets,,Dallas Mavericks,,,,,
Mon Dec 13 2021,9:00p,Washington Wizards,,Denver Nuggets,,,,,
Mon Dec 13 2021,10:30p,Phoenix Suns,,Los Angeles Clippers,,,,,
Tue Dec 14 2021,7:30p,Toronto Raptors,,Brooklyn Nets,,,,,
Tue Dec 14 2021,7:30p,Golden State Warriors,,New York Knicks,,,,,
Tue Dec 14 2021,8:00p,Detroit Pistons,,Chicago Bulls,,,,,
Tue Dec 14 2021,10:00p,Phoenix Suns,,Portland Trail Blazers,,,,,
Wed Dec 15 2021,7:00p,Houston Rockets,,Cleveland Cavaliers,,,,,
Wed Dec 15 2021,7:00p,Atlanta Hawks,,Orlando Magic,,,,,
Wed Dec 15 2021,7:00p,Miami Heat,,Philadelphia 76ers,,,,,
Wed Dec 15 2021,7:30p,Los Angeles Lakers,,Dallas Mavericks,,,,,
Wed Dec 15 2021,8:00p,Indiana Pacers,,Milwaukee Bucks,,,,,
Wed Dec 15 2021,8:00p,New Orleans Pelicans,,Oklahoma City Thunder,,,,,
Wed Dec 15 2021,8:30p,Charlotte Hornets,,San Antonio Spurs,,,,,
Wed Dec 15 2021,9:00p,Minnesota Timberwolves,,Denver Nuggets,,,,,
Wed Dec 15 2021,10:00p,Memphis Grizzlies,,Portland Trail Blazers,,,,,
Wed Dec 15 2021,10:00p,Washington Wizards,,Sacramento Kings,,,,,
Wed Dec 15 2021,10:00p,Los Angeles Clippers,,Utah Jazz,,,,,
Thu Dec 16 2021,7:00p,Detroit Pistons,,Indiana Pacers,,,,,
Thu Dec 16 2021,7:30p,Philadelphia 76ers,,Brooklyn Nets,,,,,
Thu Dec 16 2021,7:30p,Chicago Bulls,,Toronto Raptors,,,,,
Thu Dec 16 2021,8:00p,New York Knicks,,Houston Rockets,,,,,
Thu Dec 16 2021,9:00p,Washington Wizards,,Phoenix Suns,,,,,
Fri Dec 17 2021,7:00p,Miami Heat,,Orlando Magic,,,,,
Fri Dec 17 2021,7:30p,Denver Nuggets,,Atlanta Hawks,,,,,
Fri Dec 17 2021,7:30p,Golden State Warriors,,Boston Celtics,,,,,
Fri Dec 17 2021,8:00p,Los Angeles Lakers,,Minnesota Timberwolves,,,,,
Fri Dec 17 2021,9:00p,San Antonio Spurs,,Utah Jazz,,,,,
Fri Dec 17 2021,10:00p,Milwaukee Bucks,,New Orleans Pelicans,,,,,
Fri Dec 17 2021,10:00p,Charlotte Hornets,,Portland Trail Blazers,,,,,
Fri Dec 17 2021,10:00p,Memphis Grizzlies,,Sacramento Kings,,,,,
Sat Dec 18 2021,12:00p,Houston Rockets,,Detroit Pistons,,,,,
Sat Dec 18 2021,7:30p,Orlando Magic,,Brooklyn Nets,,,,,
Sat Dec 18 2021,7:30p,Golden State Warriors,,Toronto Raptors,,,,,
Sat Dec 18 2021,8:00p,Los Angeles Clippers,,Oklahoma City Thunder,,,,,
Sat Dec 18 2021,8:30p,New York Knicks,,Boston Celtics,,,,,
Sat Dec 18 2021,9:00p,Cleveland Cavaliers,,Milwaukee Bucks,,,,,
Sat Dec 18 2021,9:00p,Washington Wizards,,Utah Jazz,,,,,
Sun Dec 19 2021,3:30p,Los Angeles Lakers,,Chicago Bulls,,,,,
Sun Dec 19 2021,6:00p,Miami Heat,,Detroit Pistons,,,,,
Sun Dec 19 2021,6:00p,Portland Trail Blazers,,Memphis Grizzlies,,,,,
Sun Dec 19 2021,6:00p,San Antonio Spurs,,Sacramento Kings,,,,,
Sun Dec 19 2021,7:30p,Cleveland Cavaliers,,Atlanta Hawks,,,,,
Sun Dec 19 2021,7:30p,Denver Nuggets,,Brooklyn Nets,,,,,
Sun Dec 19 2021,8:00p,Dallas Mavericks,,Minnesota Timberwolves,,,,,
Sun Dec 19 2021,8:00p,New Orleans Pelicans,,Philadelphia 76ers,,,,,
Sun Dec 19 2021,8:00p,Charlotte Hornets,,Phoenix Suns,,,,,
Mon Dec 20 2021,7:30p,Philadelphia 76ers,,Boston Celtics,,,,,
Mon Dec 20 2021,7:30p,Orlando Magic,,Toronto Raptors,,,,,
Mon Dec 20 2021,8:00p,Houston Rockets,,Chicago Bulls,,,,,
Mon Dec 20 2021,8:00p,Oklahoma City Thunder,,Memphis Grizzlies,,,,,
Mon Dec 20 2021,9:00p,Charlotte Hornets,,Utah Jazz,,,,,
Mon Dec 20 2021,10:00p,Sacramento Kings,,Golden State Warriors,,,,,
Mon Dec 20 2021,10:30p,San Antonio Spurs,,Los Angeles Clippers,,,,,
Tue Dec 21 2021,7:30p,Washington Wizards,,Brooklyn Nets,,,,,
Tue Dec 21 2021,7:30p,Indiana Pacers,,Miami Heat,,,,,
Tue Dec 21 2021,7:30p,Detroit Pistons,,New York Knicks,,,,,
Tue Dec 21 2021,8:00p,Portland Trail Blazers,,New Orleans Pelicans,,,,,
Tue Dec 21 2021,8:30p,Minnesota Timberwolves,,Dallas Mavericks,,,,,
Tue Dec 21 2021,10:00p,Phoenix Suns,,Los Angeles Lakers,,,,,
Wed Dec 22 2021,7:30p,Orlando Magic,,Atlanta Hawks,,,,,
Wed Dec 22 2021,7:30p,Cleveland Cavaliers,,Boston Celtics,,,,,
Wed Dec 22 2021,8:00p,Toronto Raptors,,Chicago Bulls,,,,,
Wed Dec 22 2021,8:00p,Houston Rockets,,Milwaukee Bucks,,,,,
Wed Dec 22 2021,8:00p,Denver Nuggets,,Oklahoma City Thunder,,,,,
Wed Dec 22 2021,10:00p,Los Angeles Clippers,,Sacramento Kings,,,,,
Thu Dec 23 2021,7:00p,Houston Rockets,,Indiana Pacers,,,,,
Thu Dec 23 2021,7:00p,New Orleans Pelicans,,Orlando Magic,,,,,
Thu Dec 23 2021,7:00p,Atlanta Hawks,,Philadelphia 76ers,,,,,
Thu Dec 23 2021,7:30p,Detroit Pistons,,Miami Heat,,,,,
Thu Dec 23 2021,7:30p,Washington Wizards,,New York Knicks,,,,,
Thu Dec 23 2021,8:30p,Milwaukee Bucks,,Dallas Mavericks,,,,,
Thu Dec 23 2021,9:00p,Charlotte Hornets,,Denver Nuggets,,,,,
Thu Dec 23 2021,9:00p,Oklahoma City Thunder,,Phoenix Suns,,,,,
Thu Dec 23 2021,9:00p,Minnesota Timberwolves,,Utah Jazz,,,,,
Thu Dec 23 2021,10:00p,Memphis Grizzlies,,Golden State Warriors,,,,,
Thu Dec 23 2021,10:00p,Brooklyn Nets,,Portland Trail Blazers,,,,,
Thu Dec 23 2021,10:30p,San Antonio Spurs,,Los Angeles Lakers,,,,,
Sat Dec 25 2021,12:00p,Atlanta Hawks,,New York Knicks,,,,,
Sat Dec 25 2021,2:30p,Boston Celtics,,Milwaukee Bucks,,,,,
Sat Dec 25 2021,5:00p,Golden State Warriors,,Phoenix Suns,,,,,
Sat Dec 25 2021,8:00p,Brooklyn Nets,,Los Angeles Lakers,,,,,
Sat Dec 25 2021,10:30p,Dallas Mavericks,,Utah Jazz,,,,,
Sun Dec 26 2021,3:30p,Orlando Magic,,Miami Heat,,,,,
Sun Dec 26 2021,6:00p,Toronto Raptors,,Cleveland Cavaliers,,,,,
Sun Dec 26 2021,6:00p,Memphis Grizzlies,,Sacramento Kings,,,,,
Sun Dec 26 2021,6:00p,Philadelphia 76ers,,Washington Wizards,,,,,
Sun Dec 26 2021,7:00p,New Orleans Pelicans,,Oklahoma City Thunder,,,,,
Sun Dec 26 2021,7:00p,Detroit Pistons,,San Antonio Spurs,,,,,
Sun Dec 26 2021,8:00p,Indiana Pacers,,Chicago Bulls,,,,,
Sun Dec 26 2021,9:00p,Denver Nuggets,,Los Angeles Clippers,,,,,
Mon Dec 27 2021,7:00p,Houston Rockets,,Charlotte Hornets,,,,,
Mon Dec 27 2021,7:30p,Chicago Bulls,,Atlanta Hawks,,,,,
Mon Dec 27 2021,8:00p,Boston Celtics,,Minnesota Timberwolves,,,,,
Mon Dec 27 2021,8:30p,Utah Jazz,,San Antonio Spurs,,,,,
Mon Dec 27 2021,9:00p,Memphis Grizzlies,,Phoenix Suns,,,,,
Mon Dec 27 2021,10:00p,Dallas Mavericks,,Portland Trail Blazers,,,,,
Mon Dec 27 2021,10:30p,Brooklyn Nets,,Los Angeles Clippers,,,,,
Tue Dec 28 2021,7:00p,Milwaukee Bucks,,Orlando Magic,,,,,
Tue Dec 28 2021,7:30p,Washington Wizards,,Miami Heat,,,,,
Tue Dec 28 2021,7:30p,Philadelphia 76ers,,Toronto Raptors,,,,,
Tue Dec 28 2021,8:00p,Los Angeles Lakers,,Houston Rockets,,,,,
Tue Dec 28 2021,8:00p,New York Knicks,,Minnesota Timberwolves,,,,,
Tue Dec 28 2021,8:00p,Cleveland Cavaliers,,New Orleans Pelicans,,,,,
Tue Dec 28 2021,10:00p,Denver Nuggets,,Golden State Warriors,,,,,
Tue Dec 28 2021,10:00p,Oklahoma City Thunder,,Sacramento Kings,,,,,
Wed Dec 29 2021,7:00p,New York Knicks,,Detroit Pistons,,,,,
Wed Dec 29 2021,7:00p,Charlotte Hornets,,Indiana Pacers,,,,,
Wed Dec 29 2021,7:30p,Los Angeles Clippers,,Boston Celtics,,,,,
Wed Dec 29 2021,8:00p,Atlanta Hawks,,Chicago Bulls,,,,,
Wed Dec 29 2021,8:00p,Los Angeles Lakers,,Memphis Grizzlies,,,,,
Wed Dec 29 2021,8:30p,Miami Heat,,San Antonio Spurs,,,,,
Wed Dec 29 2021,9:00p,Oklahoma City Thunder,,Phoenix Suns,,,,,
Wed Dec 29 2021,10:00p,Utah Jazz,,Portland Trail Blazers,,,,,
Wed Dec 29 2021,10:30p,Dallas Mavericks,,Sacramento Kings,,,,,
Thu Dec 30 2021,7:00p,Philadelphia 76ers,,Brooklyn Nets,,,,,
Thu Dec 30 2021,7:00p,Milwaukee Bucks,,Orlando Magic,,,,,
Thu Dec 30 2021,7:00p,Cleveland Cavaliers,,Washington Wizards,,,,,
Thu Dec 30 2021,9:30p,Golden State Warriors,,Denver Nuggets,,,,,
Fri Dec 31 2021,1:00p,Phoenix Suns,,Boston Celtics,,,,,
Fri Dec 31 2021,3:00p,Chicago Bulls,,Indiana Pacers,,,,,
Fri Dec 31 2021,6:00p,Dallas Mavericks,,Sacramento Kings,,,,,
Fri Dec 31 2021,7:00p,Miami Heat,,Houston Rockets,,,,,
Fri Dec 31 2021,7:30p,Atlanta Hawks,,Cleveland Cavaliers,,,,,
Fri Dec 31 2021,7:30p,Los Angeles Clippers,,Toronto Raptors,,,,,
Fri Dec 31 2021,8:00p,San Antonio Spurs,,Memphis Grizzlies,,,,,
Fri Dec 31 2021,8:00p,New York Knicks,,Oklahoma City Thunder,,,,,
Fri Dec 31 2021,9:00p,Minnesota Timberwolves,,Utah Jazz,,,,,
Fri Dec 31 2021,10:30p,Portland Trail Blazers,,Los Angeles Lakers,,,,,
Sat Jan 1 2022,6:30p,New Orleans Pelicans,,Milwaukee Bucks,,,,,
Sat Jan 1 2022,7:00p,San Antonio Spurs,,Detroit Pistons,,,,,
Sat Jan 1 2022,7:00p,Chicago Bulls,,Washington Wizards,,,,,
Sat Jan 1 2022,7:30p,Los Angeles Clippers,,Brooklyn Nets,,,,,
Sat Jan 1 2022,8:00p,Denver Nuggets,,Houston Rockets,,,,,
Sat Jan 1 2022,9:00p,Golden State Warriors,,Utah Jazz,,,,,
Sun Jan 2 2022,3:30p,New York Knicks,,Toronto Raptors,,,,,
Sun Jan 2 2022,6:00p,Orlando Magic,,Boston Celtics,,,,,
Sun Jan 2 2022,6:00p,Indiana Pacers,,Cleveland Cavaliers,,,,,
Sun Jan 2 2022,6:00p,Miami Heat,,Sacramento Kings,,,,,
Sun Jan 2 2022,7:00p,Phoenix Suns,,Charlotte Hornets,,,,,
Sun Jan 2 2022,7:00p,Dallas Mavericks,,Oklahoma City Thunder,,,,,
Sun Jan 2 2022,9:30p,Minnesota Timberwolves,,Los Angeles Lakers,,,,,
Mon Jan 3 2022,7:00p,Houston Rockets,,Philadelphia 76ers,,,,,
Mon Jan 3 2022,7:00p,Charlotte Hornets,,Washington Wizards,,,,,
Mon Jan 3 2022,7:30p,Memphis Grizzlies,,Brooklyn Nets,,,,,
Mon Jan 3 2022,8:00p,Orlando Magic,,Chicago Bulls,,,,,
Mon Jan 3 2022,8:00p,Detroit Pistons,,Milwaukee Bucks,,,,,
Mon Jan 3 2022,8:00p,Utah Jazz,,New Orleans Pelicans,,,,,
Mon Jan 3 2022,8:30p,Denver Nuggets,,Dallas Mavericks,,,,,
Mon Jan 3 2022,10:00p,Miami Heat,,Golden State Warriors,,,,,
Mon Jan 3 2022,10:00p,Atlanta Hawks,,Portland Trail Blazers,,,,,
Mon Jan 3 2022,10:30p,Minnesota Timberwolves,,Los Angeles Clippers,,,,,
Tue Jan 4 2022,7:00p,Memphis Grizzlies,,Cleveland Cavaliers,,,,,
Tue Jan 4 2022,7:00p,San Antonio Spurs,,Toronto Raptors,,,,,
Tue Jan 4 2022,7:30p,Indiana Pacers,,New York Knicks,,,,,
Tue Jan 4 2022,8:00p,Phoenix Suns,,New Orleans Pelicans,,,,,
Tue Jan 4 2022,10:30p,Sacramento Kings,,Los Angeles Lakers,,,,,
Wed Jan 5 2022,7:00p,Detroit Pistons,,Charlotte Hornets,,,,,
Wed Jan 5 2022,7:00p,Philadelphia 76ers,,Orlando Magic,,,,,
Wed Jan 5 2022,7:00p,Houston Rockets,,Washington Wizards,,,,,
Wed Jan 5 2022,7:30p,San Antonio Spurs,,Boston Celtics,,,,,
Wed Jan 5 2022,7:30p,Golden State Warriors,,Dallas Mavericks,,,,,
Wed Jan 5 2022,7:30p,Brooklyn Nets,,Indiana Pacers,,,,,
Wed Jan 5 2022,8:00p,Toronto Raptors,,Milwaukee Bucks,,,,,
Wed Jan 5 2022,8:00p,Oklahoma City Thunder,,Minnesota Timberwolves,,,,,
Wed Jan 5 2022,10:00p,Utah Jazz,,Denver Nuggets,,,,,
Wed Jan 5 2022,10:00p,Miami Heat,,Portland Trail Blazers,,,,,
Wed Jan 5 2022,10:00p,Atlanta Hawks,,Sacramento Kings,,,,,
Thu Jan 6 2022,7:30p,Boston Celtics,,New York Knicks,,,,,
Thu Jan 6 2022,8:00p,Detroit Pistons,,Memphis Grizzlies,,,,,
Thu Jan 6 2022,8:00p,Golden State Warriors,,New Orleans Pelicans,,,,,
Thu Jan 6 2022,10:00p,Los Angeles Clippers,,Phoenix Suns,,,,,
Fri Jan 7 2022,7:00p,San Antonio Spurs,,Philadelphia 76ers,,,,,
Fri Jan 7 2022,7:30p,Milwaukee Bucks,,Brooklyn Nets,,,,,
Fri Jan 7 2022,7:30p,Utah Jazz,,Toronto Raptors,,,,,
Fri Jan 7 2022,8:00p,Washington Wizards,,Chicago Bulls,,,,,
Fri Jan 7 2022,8:00p,Dallas Mavericks,,Houston Rockets,,,,,
Fri Jan 7 2022,8:00p,Minnesota Timberwolves,,Oklahoma City Thunder,,,,,
Fri Jan 7 2022,9:00p,Sacramento Kings,,Denver Nuggets,,,,,
Fri Jan 7 2022,10:00p,Atlanta Hawks,,Los Angeles Lakers,,,,,
Fri Jan 7 2022,10:00p,Cleveland Cavaliers,,Portland Trail Blazers,,,,,
Sat Jan 8 2022,3:30p,Memphis Grizzlies,,Los Angeles Clippers,,,,,
Sat Jan 8 2022,7:00p,Milwaukee Bucks,,Charlotte Hornets,,,,,
Sat Jan 8 2022,7:00p,Orlando Magic,,Detroit Pistons,,,,,
Sat Jan 8 2022,7:00p,Utah Jazz,,Indiana Pacers,,,,,
Sat Jan 8 2022,7:30p,New York Knicks,,Boston Celtics,,,,,
Sat Jan 8 2022,9:00p,Miami Heat,,Phoenix Suns,,,,,
Sun Jan 9 2022,3:30p,Atlanta Hawks,,Los Angeles Clippers,,,,,
Sun Jan 9 2022,6:00p,Washington Wizards,,Orlando Magic,,,,,
Sun Jan 9 2022,6:00p,New Orleans Pelicans,,Toronto Raptors,,,,,
Sun Jan 9 2022,7:00p,Minnesota Timberwolves,,Houston Rockets,,,,,
Sun Jan 9 2022,7:00p,Denver Nuggets,,Oklahoma City Thunder,,,,,
Sun Jan 9 2022,7:30p,San Antonio Spurs,,Brooklyn Nets,,,,,
Sun Jan 9 2022,7:30p,Chicago Bulls,,Dallas Mavericks,,,,,
Sun Jan 9 2022,8:30p,Cleveland Cavaliers,,Golden State Warriors,,,,,
Sun Jan 9 2022,9:00p,Sacramento Kings,,Portland Trail Blazers,,,,,
Sun Jan 9 2022,9:30p,Memphis Grizzlies,,Los Angeles Lakers,,,,,
Mon Jan 10 2022,7:00p,Milwaukee Bucks,,Charlotte Hornets,,,,,
Mon Jan 10 2022,7:00p,Utah Jazz,,Detroit Pistons,,,,,
Mon Jan 10 2022,7:30p,Indiana Pacers,,Boston Celtics,,,,,
Mon Jan 10 2022,7:30p,San Antonio Spurs,,New York Knicks,,,,,
Mon Jan 10 2022,10:00p,Cleveland Cavaliers,,Sacramento Kings,,,,,
Tue Jan 11 2022,7:00p,Oklahoma City Thunder,,Washington Wizards,,,,,
Tue Jan 11 2022,7:30p,Phoenix Suns,,Toronto Raptors,,,,,
Tue Jan 11 2022,8:00p,Golden State Warriors,,Memphis Grizzlies,,,,,
Tue Jan 11 2022,8:00p,Minnesota Timberwolves,,New Orleans Pelicans,,,,,
Tue Jan 11 2022,10:30p,Denver Nuggets,,Los Angeles Clippers,,,,,
Wed Jan 12 2022,7:00p,Phoenix Suns,,Detroit Pistons,,,,,
Wed Jan 12 2022,7:00p,Boston Celtics,,Indiana Pacers,,,,,
Wed Jan 12 2022,7:00p,Charlotte Hornets,,Philadelphia 76ers,,,,,
Wed Jan 12 2022,7:00p,Orlando Magic,,Washington Wizards,,,,,
Wed Jan 12 2022,7:30p,Miami Heat,,Atlanta Hawks,,,,,
Wed Jan 12 2022,7:30p,Dallas Mavericks,,New York Knicks,,,,,
Wed Jan 12 2022,8:30p,Houston Rockets,,San Antonio Spurs,,,,,
Wed Jan 12 2022,9:00p,Cleveland Cavaliers,,Utah Jazz,,,,,
Wed Jan 12 2022,10:00p,Brooklyn Nets,,Chicago Bulls,,,,,
Wed Jan 12 2022,10:00p,Los Angeles Lakers,,Sacramento Kings,,,,,
Thu Jan 13 2022,7:30p,Golden State Warriors,,Milwaukee Bucks,,,,,
Thu Jan 13 2022,8:00p,Minnesota Timberwolves,,Memphis Grizzlies,,,,,
Thu Jan 13 2022,8:00p,Los Angeles Clippers,,New Orleans Pelicans,,,,,
Thu Jan 13 2022,8:30p,Oklahoma City Thunder,,Brooklyn Nets,,,,,
Thu Jan 13 2022,10:00p,Portland Trail Blazers,,Denver Nuggets,,,,,
Fri Jan 14 2022,7:00p,Orlando Magic,,Charlotte Hornets,,,,,
Fri Jan 14 2022,7:00p,Toronto Raptors,,Detroit Pistons,,,,,
Fri Jan 14 2022,7:00p,Phoenix Suns,,Indiana Pacers,,,,,
Fri Jan 14 2022,7:30p,Boston Celtics,,Philadelphia 76ers,,,,,
Fri Jan 14 2022,8:00p,Golden State Warriors,,Chicago Bulls,,,,,
Fri Jan 14 2022,8:00p,Atlanta Hawks,,Miami Heat,,,,,
Fri Jan 14 2022,8:30p,Cleveland Cavaliers,,San Antonio Spurs,,,,,
Fri Jan 14 2022,10:00p,Dallas Mavericks,,Memphis Grizzlies,,,,,
Fri Jan 14 2022,10:00p,Houston Rockets,,Sacramento Kings,,,,,
Sat Jan 15 2022,6:30p,Toronto Raptors,,Milwaukee Bucks,,,,,
Sat Jan 15 2022,7:00p,Portland Trail Blazers,,Washington Wizards,,,,,
Sat Jan 15 2022,7:30p,New York Knicks,,Atlanta Hawks,,,,,
Sat Jan 15 2022,7:30p,New Orleans Pelicans,,Brooklyn Nets,,,,,
Sat Jan 15 2022,8:00p,Philadelphia 76ers,,Miami Heat,,,,,
Sat Jan 15 2022,8:00p,Cleveland Cavaliers,,Oklahoma City Thunder,,,,,
Sat Jan 15 2022,8:30p,Chicago Bulls,,Boston Celtics,,,,,
Sat Jan 15 2022,8:30p,Los Angeles Clippers,,San Antonio Spurs,,,,,
Sat Jan 15 2022,9:00p,Los Angeles Lakers,,Denver Nuggets,,,,,
Sat Jan 15 2022,9:30p,Orlando Magic,,Dallas Mavericks,,,,,
Sun Jan 16 2022,6:00p,Houston Rockets,,Sacramento Kings,,,,,
Sun Jan 16 2022,8:00p,Utah Jazz,,Denver Nuggets,,,,,
Sun Jan 16 2022,8:00p,Golden State Warriors,,Minnesota Timberwolves,,,,,
Mon Jan 17 2022,12:30p,New Orleans Pelicans,,Boston Celtics,,,,,
Mon Jan 17 2022,1:00p,Charlotte Hornets,,New York Knicks,,,,,
Mon Jan 17 2022,2:00p,Philadelphia 76ers,,Washington Wizards,,,,,
Mon Jan 17 2022,3:00p,Brooklyn Nets,,Cleveland Cavaliers,,,,,
Mon Jan 17 2022,3:30p,Indiana Pacers,,Los Angeles Clippers,,,,,
Mon Jan 17 2022,3:30p,Chicago Bulls,,Memphis Grizzlies,,,,,
Mon Jan 17 2022,6:00p,Milwaukee Bucks,,Atlanta Hawks,,,,,
Mon Jan 17 2022,7:00p,Portland Trail Blazers,,Orlando Magic,,,,,
Mon Jan 17 2022,7:30p,Toronto Raptors,,Miami Heat,,,,,
Mon Jan 17 2022,8:30p,Oklahoma City Thunder,,Dallas Mavericks,,,,,
Mon Jan 17 2022,8:30p,Phoenix Suns,,San Antonio Spurs,,,,,
Mon Jan 17 2022,10:30p,Utah Jazz,,Los Angeles Lakers,,,,,
Tue Jan 18 2022,7:30p,Minnesota Timberwolves,,New York Knicks,,,,,
Tue Jan 18 2022,10:00p,Detroit Pistons,,Golden State Warriors,,,,,
Wed Jan 19 2022,7:00p,Orlando Magic,,Philadelphia 76ers,,,,,
Wed Jan 19 2022,7:00p,Brooklyn Nets,,Washington Wizards,,,,,
Wed Jan 19 2022,7:30p,Minnesota Timberwolves,,Atlanta Hawks,,,,,
Wed Jan 19 2022,7:30p,Charlotte Hornets,,Boston Celtics,,,,,
Wed Jan 19 2022,7:30p,Portland Trail Blazers,,Miami Heat,,,,,
Wed Jan 19 2022,8:00p,Cleveland Cavaliers,,Chicago Bulls,,,,,
Wed Jan 19 2022,8:00p,Memphis Grizzlies,,Milwaukee Bucks,,,,,
Wed Jan 19 2022,8:30p,Toronto Raptors,,Dallas Mavericks,,,,,
Wed Jan 19 2022,8:30p,Oklahoma City Thunder,,San Antonio Spurs,,,,,
Wed Jan 19 2022,9:00p,Houston Rockets,,Utah Jazz,,,,,
Wed Jan 19 2022,10:00p,Los Angeles Clippers,,Denver Nuggets,,,,,
Wed Jan 19 2022,10:00p,Detroit Pistons,,Sacramento Kings,,,,,
Wed Jan 19 2022,10:30p,Indiana Pacers,,Los Angeles Lakers,,,,,
Thu Jan 20 2022,7:30p,New Orleans Pelicans,,New York Knicks,,,,,
Thu Jan 20 2022,10:00p,Phoenix Suns,,Dallas Mavericks,,,,,
Thu Jan 20 2022,10:00p,Indiana Pacers,,Golden State Warriors,,,,,
Fri Jan 21 2022,7:00p,Oklahoma City Thunder,,Charlotte Hornets,,,,,
Fri Jan 21 2022,7:00p,Los Angeles Lakers,,Orlando Magic,,,,,
Fri Jan 21 2022,7:00p,Los Angeles Clippers,,Philadelphia 76ers,,,,,
Fri Jan 21 2022,7:30p,Miami Heat,,Atlanta Hawks,,,,,
Fri Jan 21 2022,7:30p,Portland Trail Blazers,,Boston Celtics,,,,,
Fri Jan 21 2022,8:00p,Chicago Bulls,,Milwaukee Bucks,,,,,
Fri Jan 21 2022,8:00p,Toronto Raptors,,Washington Wizards,,,,,
Fri Jan 21 2022,8:30p,Brooklyn Nets,,San Antonio Spurs,,,,,
Fri Jan 21 2022,9:00p,Memphis Grizzlies,,Denver Nuggets,,,,,
Fri Jan 21 2022,9:00p,Detroit Pistons,,Utah Jazz,,,,,
Fri Jan 21 2022,10:00p,Houston Rockets,,Golden State Warriors,,,,,
Sat Jan 22 2022,8:00p,Oklahoma City Thunder,,Cleveland Cavaliers,,,,,
Sat Jan 22 2022,8:00p,Sacramento Kings,,Milwaukee Bucks,,,,,
Sat Jan 22 2022,9:00p,Indiana Pacers,,Phoenix Suns,,,,,
Sun Jan 23 2022,1:00p,Los Angeles Clippers,,New York Knicks,,,,,
Sun Jan 23 2022,3:30p,Boston Celtics,,Washington Wizards,,,,,
Sun Jan 23 2022,6:00p,Los Angeles Lakers,,Miami Heat,,,,,
Sun Jan 23 2022,6:00p,Chicago Bulls,,Orlando Magic,,,,,
Sun Jan 23 2022,6:00p,Portland Trail Blazers,,Toronto Raptors,,,,,
Sun Jan 23 2022,7:00p,Atlanta Hawks,,Charlotte Hornets,,,,,
Sun Jan 23 2022,7:00p,Philadelphia 76ers,,San Antonio Spurs,,,,,
Sun Jan 23 2022,7:30p,Memphis Grizzlies,,Dallas Mavericks,,,,,
Sun Jan 23 2022,8:00p,Detroit Pistons,,Denver Nuggets,,,,,
Sun Jan 23 2022,8:00p,Brooklyn Nets,,Minnesota Timberwolves,,,,,
Sun Jan 23 2022,8:30p,Utah Jazz,,Golden State Warriors,,,,,
Mon Jan 24 2022,7:00p,New York Knicks,,Cleveland Cavaliers,,,,,
Mon Jan 24 2022,7:30p,Chicago Bulls,,Atlanta Hawks,,,,,
Mon Jan 24 2022,8:00p,Philadelphia 76ers,,Houston Rockets,,,,,
Mon Jan 24 2022,8:00p,Indiana Pacers,,New Orleans Pelicans,,,,,
Mon Jan 24 2022,9:00p,Utah Jazz,,Phoenix Suns,,,,,
Tue Jan 25 2022,7:00p,Denver Nuggets,,Detroit Pistons,,,,,
Tue Jan 25 2022,7:00p,Charlotte Hornets,,Toronto Raptors,,,,,
Tue Jan 25 2022,7:00p,Los Angeles Clippers,,Washington Wizards,,,,,
Tue Jan 25 2022,7:30p,Sacramento Kings,,Boston Celtics,,,,,
Tue Jan 25 2022,7:30p,Los Angeles Lakers,,Brooklyn Nets,,,,,
Tue Jan 25 2022,8:00p,San Antonio Spurs,,Houston Rockets,,,,,
Tue Jan 25 2022,10:00p,Dallas Mavericks,,Golden State Warriors,,,,,
Tue Jan 25 2022,10:00p,Minnesota Timberwolves,,Portland Trail Blazers,,,,,
Wed Jan 26 2022,7:00p,Milwaukee Bucks,,Cleveland Cavaliers,,,,,
Wed Jan 26 2022,7:00p,Charlotte Hornets,,Indiana Pacers,,,,,
Wed Jan 26 2022,7:00p,Los Angeles Clippers,,Orlando Magic,,,,,
Wed Jan 26 2022,7:30p,Sacramento Kings,,Atlanta Hawks,,,,,
Wed Jan 26 2022,7:30p,Toronto Raptors,,Brooklyn Nets,,,,,
Wed Jan 26 2022,7:30p,New York Knicks,,Miami Heat,,,,,
Wed Jan 26 2022,7:30p,Memphis Grizzlies,,San Antonio Spurs,,,,,
Wed Jan 26 2022,8:00p,Denver Nuggets,,New Orleans Pelicans,,,,,
Wed Jan 26 2022,8:00p,Chicago Bulls,,Oklahoma City Thunder,,,,,
Wed Jan 26 2022,10:00p,Dallas Mavericks,,Portland Trail Blazers,,,,,
Wed Jan 26 2022,10:00p,Phoenix Suns,,Utah Jazz,,,,,
Thu Jan 27 2022,7:30p,Los Angeles Lakers,,Philadelphia 76ers,,,,,
Thu Jan 27 2022,10:00p,Minnesota Timberwolves,,Golden State Warriors,,,,,
Fri Jan 28 2022,7:00p,Los Angeles Lakers,,Charlotte Hornets,,,,,
Fri Jan 28 2022,7:00p,Detroit Pistons,,Orlando Magic,,,,,
Fri Jan 28 2022,7:30p,Boston Celtics,,Atlanta Hawks,,,,,
Fri Jan 28 2022,8:00p,Portland Trail Blazers,,Houston Rockets,,,,,
Fri Jan 28 2022,8:00p,Utah Jazz,,Memphis Grizzlies,,,,,
Fri Jan 28 2022,8:00p,Los Angeles Clippers,,Miami Heat,,,,,
Fri Jan 28 2022,8:00p,Indiana Pacers,,Oklahoma City Thunder,,,,,
Fri Jan 28 2022,8:30p,Chicago Bulls,,San Antonio Spurs,,,,,
Fri Jan 28 2022,9:00p,Minnesota Timberwolves,,Phoenix Suns,,,,,
Fri Jan 28 2022,10:00p,New York Knicks,,Milwaukee Bucks,,,,,
Sat Jan 29 2022,6:00p,Boston Celtics,,New Orleans Pelicans,,,,,
Sat Jan 29 2022,7:00p,Indiana Pacers,,Dallas Mavericks,,,,,
Sat Jan 29 2022,7:30p,Sacramento Kings,,Philadelphia 76ers,,,,,
Sat Jan 29 2022,8:00p,Washington Wizards,,Memphis Grizzlies,,,,,
Sat Jan 29 2022,8:00p,Toronto Raptors,,Miami Heat,,,,,
Sat Jan 29 2022,8:30p,Brooklyn Nets,,Golden State Warriors,,,,,
Sun Jan 30 2022,1:00p,Los Angeles Lakers,,Atlanta Hawks,,,,,
Sun Jan 30 2022,1:00p,Los Angeles Clippers,,Charlotte Hornets,,,,,
Sun Jan 30 2022,3:30p,Portland Trail Blazers,,Chicago Bulls,,,,,
Sun Jan 30 2022,6:00p,Cleveland Cavaliers,,Detroit Pistons,,,,,
Sun Jan 30 2022,7:00p,Denver Nuggets,,Milwaukee Bucks,,,,,
Sun Jan 30 2022,7:00p,Dallas Mavericks,,Orlando Magic,,,,,
Sun Jan 30 2022,8:00p,Utah Jazz,,Minnesota Timberwolves,,,,,
Sun Jan 30 2022,8:00p,San Antonio Spurs,,Phoenix Suns,,,,,
Mon Jan 31 2022,7:00p,New Orleans Pelicans,,Cleveland Cavaliers,,,,,
Mon Jan 31 2022,7:00p,Los Angeles Clippers,,Indiana Pacers,,,,,
Mon Jan 31 2022,7:00p,Memphis Grizzlies,,Philadelphia 76ers,,,,,
Mon Jan 31 2022,7:30p,Miami Heat,,Boston Celtics,,,,,
Mon Jan 31 2022,7:30p,Sacramento Kings,,New York Knicks,,,,,
Mon Jan 31 2022,8:00p,Golden State Warriors,,Houston Rockets,,,,,
Mon Jan 31 2022,8:00p,Portland Trail Blazers,,Oklahoma City Thunder,,,,,
Tue Feb 1 2022,7:00p,New Orleans Pelicans,,Detroit Pistons,,,,,
Tue Feb 1 2022,7:30p,Toronto Raptors,,Atlanta Hawks,,,,,
Tue Feb 1 2022,7:30p,Washington Wizards,,Milwaukee Bucks,,,,,
Tue Feb 1 2022,8:00p,Orlando Magic,,Chicago Bulls,,,,,
Tue Feb 1 2022,8:00p,Denver Nuggets,,Minnesota Timberwolves,,,,,
Tue Feb 1 2022,8:30p,Golden State Warriors,,San Antonio Spurs,,,,,
Tue Feb 1 2022,10:00p,Brooklyn Nets,,Phoenix Suns,,,,,
Wed Feb 2 2022,7:00p,Orlando Magic,,Indiana Pacers,,,,,
Wed Feb 2 2022,7:00p,Washington Wizards,,Philadelphia 76ers,,,,,
Wed Feb 2 2022,7:30p,Charlotte Hornets,,Boston Celtics,,,,,
Wed Feb 2 2022,7:30p,Memphis Grizzlies,,New York Knicks,,,,,
Wed Feb 2 2022,8:00p,Cleveland Cavaliers,,Houston Rockets,,,,,
Wed Feb 2 2022,8:30p,Oklahoma City Thunder,,Dallas Mavericks,,,,,
Wed Feb 2 2022,10:00p,Brooklyn Nets,,Sacramento Kings,,,,,
Wed Feb 2 2022,10:00p,Denver Nuggets,,Utah Jazz,,,,,
Wed Feb 2 2022,10:30p,Portland Trail Blazers,,Los Angeles Lakers,,,,,
Thu Feb 3 2022,7:00p,Minnesota Timberwolves,,Detroit Pistons,,,,,
Thu Feb 3 2022,7:30p,Phoenix Suns,,Atlanta Hawks,,,,,
Thu Feb 3 2022,7:30p,Miami Heat,,Toronto Raptors,,,,,
Thu Feb 3 2022,10:00p,Sacramento Kings,,Golden State Warriors,,,,,
Thu Feb 3 2022,10:00p,Los Angeles Lakers,,Los Angeles Clippers,,,,,
Fri Feb 4 2022,7:00p,Cleveland Cavaliers,,Charlotte Hornets,,,,,
Fri Feb 4 2022,7:00p,Boston Celtics,,Detroit Pistons,,,,,
Fri Feb 4 2022,7:00p,Chicago Bulls,,Indiana Pacers,,,,,
Fri Feb 4 2022,7:30p,Atlanta Hawks,,Toronto Raptors,,,,,
Fri Feb 4 2022,8:30p,Philadelphia 76ers,,Dallas Mavericks,,,,,
Fri Feb 4 2022,8:30p,Houston Rockets,,San Antonio Spurs,,,,,
Fri Feb 4 2022,9:00p,Brooklyn Nets,,Utah Jazz,,,,,
Fri Feb 4 2022,10:00p,New Orleans Pelicans,,Denver Nuggets,,,,,
Fri Feb 4 2022,10:00p,Oklahoma City Thunder,,Portland Trail Blazers,,,,,
Sat Feb 5 2022,5:00p,Memphis Grizzlies,,Orlando Magic,,,,,
Sat Feb 5 2022,7:00p,Miami Heat,,Charlotte Hornets,,,,,
Sat Feb 5 2022,7:00p,Phoenix Suns,,Washington Wizards,,,,,
Sat Feb 5 2022,8:30p,New York Knicks,,Los Angeles Lakers,,,,,
Sat Feb 5 2022,10:00p,Milwaukee Bucks,,Portland Trail Blazers,,,,,
Sat Feb 5 2022,10:00p,Oklahoma City Thunder,,Sacramento Kings,,,,,
Sun Feb 6 2022,3:30p,Philadelphia 76ers,,Chicago Bulls,,,,,
Sun Feb 6 2022,3:30p,Brooklyn Nets,,Denver Nuggets,,,,,
Sun Feb 6 2022,3:30p,Detroit Pistons,,Minnesota Timberwolves,,,,,
Sun Feb 6 2022,6:00p,Indiana Pacers,,Cleveland Cavaliers,,,,,
Sun Feb 6 2022,6:00p,Atlanta Hawks,,Dallas Mavericks,,,,,
Sun Feb 6 2022,6:00p,Boston Celtics,,Orlando Magic,,,,,
Sun Feb 6 2022,7:00p,New Orleans Pelicans,,Houston Rockets,,,,,
Sun Feb 6 2022,9:00p,Milwaukee Bucks,,Los Angeles Clippers,,,,,
Mon Feb 7 2022,7:00p,Toronto Raptors,,Charlotte Hornets,,,,,
Mon Feb 7 2022,7:00p,Miami Heat,,Washington Wizards,,,,,
Mon Feb 7 2022,8:00p,Phoenix Suns,,Chicago Bulls,,,,,
Mon Feb 7 2022,8:00p,Golden State Warriors,,Oklahoma City Thunder,,,,,
Mon Feb 7 2022,9:00p,New York Knicks,,Utah Jazz,,,,,
Tue Feb 8 2022,7:00p,Phoenix Suns,,Philadelphia 76ers,,,,,
Tue Feb 8 2022,7:30p,Indiana Pacers,,Atlanta Hawks,,,,,
Tue Feb 8 2022,7:30p,Boston Celtics,,Brooklyn Nets,,,,,
Tue Feb 8 2022,8:00p,Los Angeles Clippers,,Memphis Grizzlies,,,,,
Tue Feb 8 2022,8:00p,Houston Rockets,,New Orleans Pelicans,,,,,
Tue Feb 8 2022,8:30p,Detroit Pistons,,Dallas Mavericks,,,,,
Tue Feb 8 2022,9:00p,New York Knicks,,Denver Nuggets,,,,,
Tue Feb 8 2022,10:00p,Milwaukee Bucks,,Los Angeles Lakers,,,,,
Tue Feb 8 2022,10:00p,Orlando Magic,,Portland Trail Blazers,,,,,
Tue Feb 8 2022,10:00p,Minnesota Timberwolves,,Sacramento Kings,,,,,
Wed Feb 9 2022,7:00p,San Antonio Spurs,,Cleveland Cavaliers,,,,,
Wed Feb 9 2022,7:30p,Chicago Bulls,,Charlotte Hornets,,,,,
Wed Feb 9 2022,8:00p,Toronto Raptors,,Oklahoma City Thunder,,,,,
Wed Feb 9 2022,10:00p,Los Angeles Lakers,,Portland Trail Blazers,,,,,
Wed Feb 9 2022,10:00p,Minnesota Timberwolves,,Sacramento Kings,,,,,
Wed Feb 9 2022,10:00p,Golden State Warriors,,Utah Jazz,,,,,
Thu Feb 10 2022,7:00p,Memphis Grizzlies,,Detroit Pistons,,,,,
Thu Feb 10 2022,7:00p,Brooklyn Nets,,Washington Wizards,,,,,
Thu Feb 10 2022,7:30p,Miami Heat,,New Orleans Pelicans,,,,,
Thu Feb 10 2022,8:00p,Toronto Raptors,,Houston Rockets,,,,,
Thu Feb 10 2022,8:30p,Los Angeles Clippers,,Dallas Mavericks,,,,,
Thu Feb 10 2022,10:00p,New York Knicks,,Golden State Warriors,,,,,
Thu Feb 10 2022,10:00p,Milwaukee Bucks,,Phoenix Suns,,,,,
Fri Feb 11 2022,7:00p,Charlotte Hornets,,Detroit Pistons,,,,,
Fri Feb 11 2022,7:00p,Cleveland Cavaliers,,Indiana Pacers,,,,,
Fri Feb 11 2022,7:00p,Oklahoma City Thunder,,Philadelphia 76ers,,,,,
Fri Feb 11 2022,7:30p,San Antonio Spurs,,Atlanta Hawks,,,,,
Fri Feb 11 2022,7:30p,Denver Nuggets,,Boston Celtics,,,,,
Fri Feb 11 2022,8:00p,Minnesota Timberwolves,,Chicago Bulls,,,,,
Fri Feb 11 2022,9:00p,Orlando Magic,,Utah Jazz,,,,,
Sat Feb 12 2022,5:00p,New York Knicks,,Portland Trail Blazers,,,,,
Sat Feb 12 2022,7:00p,Memphis Grizzlies,,Charlotte Hornets,,,,,
Sat Feb 12 2022,7:00p,San Antonio Spurs,,New Orleans Pelicans,,,,,
Sat Feb 12 2022,7:00p,Sacramento Kings,,Washington Wizards,,,,,
Sat Feb 12 2022,7:30p,Cleveland Cavaliers,,Philadelphia 76ers,,,,,
Sat Feb 12 2022,7:30p,Denver Nuggets,,Toronto Raptors,,,,,
Sat Feb 12 2022,8:00p,Oklahoma City Thunder,,Chicago Bulls,,,,,
Sat Feb 12 2022,8:00p,Brooklyn Nets,,Miami Heat,,,,,
Sat Feb 12 2022,8:30p,Los Angeles Clippers,,Dallas Mavericks,,,,,
Sat Feb 12 2022,8:30p,Los Angeles Lakers,,Golden State Warriors,,,,,
Sat Feb 12 2022,9:00p,Orlando Magic,,Phoenix Suns,,,,,
Sun Feb 13 2022,2:00p,Atlanta Hawks,,Boston Celtics,,,,,
Sun Feb 13 2022,3:00p,Minnesota Timberwolves,,Indiana Pacers,,,,,
Mon Feb 14 2022,7:00p,Detroit Pistons,,Washington Wizards,,,,,
Mon Feb 14 2022,7:30p,Sacramento Kings,,Brooklyn Nets,,,,,
Mon Feb 14 2022,7:30p,Oklahoma City Thunder,,New York Knicks,,,,,
Mon Feb 14 2022,8:00p,San Antonio Spurs,,Chicago Bulls,,,,,
Mon Feb 14 2022,8:00p,Portland Trail Blazers,,Milwaukee Bucks,,,,,
Mon Feb 14 2022,8:00p,Toronto Raptors,,New Orleans Pelicans,,,,,
Mon Feb 14 2022,9:00p,Orlando Magic,,Denver Nuggets,,,,,
Mon Feb 14 2022,9:00p,Houston Rockets,,Utah Jazz,,,,,
Mon Feb 14 2022,10:30p,Golden State Warriors,,Los Angeles Clippers,,,,,
Tue Feb 15 2022,7:30p,Cleveland Cavaliers,,Atlanta Hawks,,,,,
Tue Feb 15 2022,7:30p,Dallas Mavericks,,Miami Heat,,,,,
Tue Feb 15 2022,7:30p,Boston Celtics,,Philadelphia 76ers,,,,,
Tue Feb 15 2022,8:00p,Indiana Pacers,,Milwaukee Bucks,,,,,
Tue Feb 15 2022,8:00p,Charlotte Hornets,,Minnesota Timberwolves,,,,,
Tue Feb 15 2022,8:00p,Memphis Grizzlies,,New Orleans Pelicans,,,,,
Tue Feb 15 2022,10:00p,Los Angeles Clippers,,Phoenix Suns,,,,,
Wed Feb 16 2022,7:00p,Atlanta Hawks,,Orlando Magic,,,,,
Wed Feb 16 2022,7:30p,Detroit Pistons,,Boston Celtics,,,,,
Wed Feb 16 2022,7:30p,Washington Wizards,,Indiana Pacers,,,,,
Wed Feb 16 2022,7:30p,Brooklyn Nets,,New York Knicks,,,,,
Wed Feb 16 2022,8:00p,Sacramento Kings,,Chicago Bulls,,,,,
Wed Feb 16 2022,8:00p,Portland Trail Blazers,,Memphis Grizzlies,,,,,
Wed Feb 16 2022,8:00p,Toronto Raptors,,Minnesota Timberwolves,,,,,
Wed Feb 16 2022,8:00p,San Antonio Spurs,,Oklahoma City Thunder,,,,,
Wed Feb 16 2022,9:00p,Houston Rockets,,Phoenix Suns,,,,,
Wed Feb 16 2022,10:00p,Denver Nuggets,,Golden State Warriors,,,,,
Wed Feb 16 2022,10:00p,Utah Jazz,,Los Angeles Lakers,,,,,
Thu Feb 17 2022,7:00p,Miami Heat,,Charlotte Hornets,,,,,
Thu Feb 17 2022,8:00p,Dallas Mavericks,,New Orleans Pelicans,,,,,
Thu Feb 17 2022,8:30p,Philadelphia 76ers,,Milwaukee Bucks,,,,,
Thu Feb 17 2022,10:30p,Houston Rockets,,Los Angeles Clippers,,,,,
Thu Feb 24 2022,7:00p,Cleveland Cavaliers,,Detroit Pistons,,,,,
Thu Feb 24 2022,7:30p,Boston Celtics,,Brooklyn Nets,,,,,
Thu Feb 24 2022,8:00p,Atlanta Hawks,,Chicago Bulls,,,,,
Thu Feb 24 2022,8:00p,Memphis Grizzlies,,Minnesota Timberwolves,,,,,
Thu Feb 24 2022,8:00p,Phoenix Suns,,Oklahoma City Thunder,,,,,
Thu Feb 24 2022,10:00p,Golden State Warriors,,Portland Trail Blazers,,,,,
Thu Feb 24 2022,10:00p,Denver Nuggets,,Sacramento Kings,,,,,
Fri Feb 25 2022,7:00p,Toronto Raptors,,Charlotte Hornets,,,,,
Fri Feb 25 2022,7:00p,Oklahoma City Thunder,,Indiana Pacers,,,,,
Fri Feb 25 2022,7:00p,Houston Rockets,,Orlando Magic,,,,,
Fri Feb 25 2022,7:00p,San Antonio Spurs,,Washington Wizards,,,,,
Fri Feb 25 2022,7:30p,Miami Heat,,New York Knicks,,,,,
Fri Feb 25 2022,8:00p,Philadelphia 76ers,,Minnesota Timberwolves,,,,,
Fri Feb 25 2022,9:00p,New Orleans Pelicans,,Phoenix Suns,,,,,
Fri Feb 25 2022,9:00p,Dallas Mavericks,,Utah Jazz,,,,,
Fri Feb 25 2022,10:00p,Los Angeles Clippers,,Los Angeles Lakers,,,,,
Sat Feb 26 2022,12:00p,Boston Celtics,,Detroit Pistons,,,,,
Sat Feb 26 2022,7:30p,Toronto Raptors,,Atlanta Hawks,,,,,
Sat Feb 26 2022,8:00p,Memphis Grizzlies,,Chicago Bulls,,,,,
Sat Feb 26 2022,8:00p,Washington Wizards,,Cleveland Cavaliers,,,,,
Sat Feb 26 2022,8:00p,San Antonio Spurs,,Miami Heat,,,,,
Sat Feb 26 2022,8:30p,Brooklyn Nets,,Milwaukee Bucks,,,,,
Sat Feb 26 2022,9:00p,Sacramento Kings,,Denver Nuggets,,,,,
Sun Feb 27 2022,1:00p,Philadelphia 76ers,,New York Knicks,,,,,
Sun Feb 27 2022,3:30p,Utah Jazz,,Phoenix Suns,,,,,
Sun Feb 27 2022,5:00p,Boston Celtics,,Indiana Pacers,,,,,
Sun Feb 27 2022,7:00p,Detroit Pistons,,Charlotte Hornets,,,,,
Sun Feb 27 2022,7:00p,Los Angeles Clippers,,Houston Rockets,,,,,
Sun Feb 27 2022,7:30p,Dallas Mavericks,,Golden State Warriors,,,,,
Sun Feb 27 2022,9:00p,Denver Nuggets,,Portland Trail Blazers,,,,,
Sun Feb 27 2022,10:00p,New Orleans Pelicans,,Los Angeles Lakers,,,,,
Mon Feb 28 2022,7:00p,Minnesota Timberwolves,,Cleveland Cavaliers,,,,,
Mon Feb 28 2022,7:00p,Indiana Pacers,,Orlando Magic,,,,,
Mon Feb 28 2022,7:30p,Chicago Bulls,,Miami Heat,,,,,
Mon Feb 28 2022,8:00p,San Antonio Spurs,,Memphis Grizzlies,,,,,
Mon Feb 28 2022,8:00p,Charlotte Hornets,,Milwaukee Bucks,,,,,
Mon Feb 28 2022,8:00p,Sacramento Kings,,Oklahoma City Thunder,,,,,
Tue Mar 1 2022,7:00p,Detroit Pistons,,Washington Wizards,,,,,
Tue Mar 1 2022,7:30p,Atlanta Hawks,,Boston Celtics,,,,,
Tue Mar 1 2022,7:30p,Brooklyn Nets,,Toronto Raptors,,,,,
Tue Mar 1 2022,8:00p,Los Angeles Clippers,,Houston Rockets,,,,,
Tue Mar 1 2022,8:00p,Golden State Warriors,,Minnesota Timberwolves,,,,,
Tue Mar 1 2022,10:00p,Dallas Mavericks,,Los Angeles Lakers,,,,,
Wed Mar 2 2022,7:00p,Charlotte Hornets,,Cleveland Cavaliers,,,,,
Wed Mar 2 2022,7:00p,Indiana Pacers,,Orlando Magic,,,,,
Wed Mar 2 2022,7:30p,New York Knicks,,Philadelphia 76ers,,,,,
Wed Mar 2 2022,8:00p,Utah Jazz,,Houston Rockets,,,,,
Wed Mar 2 2022,8:00p,Miami Heat,,Milwaukee Bucks,,,,,
Wed Mar 2 2022,8:00p,Sacramento Kings,,New Orleans Pelicans,,,,,
Wed Mar 2 2022,9:00p,Oklahoma City Thunder,,Denver Nuggets,,,,,
Wed Mar 2 2022,10:00p,Portland Trail Blazers,,Phoenix Suns,,,,,
Thu Mar 3 2022,7:30p,Memphis Grizzlies,,Boston Celtics,,,,,
Thu Mar 3 2022,7:30p,Miami Heat,,Brooklyn Nets,,,,,
Thu Mar 3 2022,7:30p,Detroit Pistons,,Toronto Raptors,,,,,
Thu Mar 3 2022,8:30p,Golden State Warriors,,Dallas Mavericks,,,,,
Thu Mar 3 2022,8:30p,Sacramento Kings,,San Antonio Spurs,,,,,
Thu Mar 3 2022,10:00p,Los Angeles Lakers,,Los Angeles Clippers,,,,,
Fri Mar 4 2022,7:00p,Indiana Pacers,,Detroit Pistons,,,,,
Fri Mar 4 2022,7:00p,Cleveland Cavaliers,,Philadelphia 76ers,,,,,
Fri Mar 4 2022,7:00p,Atlanta Hawks,,Washington Wizards,,,,,
Fri Mar 4 2022,7:30p,Milwaukee Bucks,,Chicago Bulls,,,,,
Fri Mar 4 2022,8:00p,Utah Jazz,,New Orleans Pelicans,,,,,
Fri Mar 4 2022,8:00p,Minnesota Timberwolves,,Oklahoma City Thunder,,,,,
Fri Mar 4 2022,9:00p,Houston Rockets,,Denver Nuggets,,,,,
Fri Mar 4 2022,10:00p,New York Knicks,,Phoenix Suns,,,,,
Sat Mar 5 2022,5:00p,Sacramento Kings,,Dallas Mavericks,,,,,
Sat Mar 5 2022,7:00p,San Antonio Spurs,,Charlotte Hornets,,,,,
Sat Mar 5 2022,8:00p,Orlando Magic,,Memphis Grizzlies,,,,,
Sat Mar 5 2022,8:00p,Philadelphia 76ers,,Miami Heat,,,,,
Sat Mar 5 2022,8:00p,Portland Trail Blazers,,Minnesota Timberwolves,,,,,
Sat Mar 5 2022,8:30p,Golden State Warriors,,Los Angeles Lakers,,,,,
Sun Mar 6 2022,1:00p,Brooklyn Nets,,Boston Celtics,,,,,
Sun Mar 6 2022,3:30p,Phoenix Suns,,Milwaukee Bucks,,,,,
Sun Mar 6 2022,6:00p,Toronto Raptors,,Cleveland Cavaliers,,,,,
Sun Mar 6 2022,6:00p,Indiana Pacers,,Washington Wizards,,,,,
Sun Mar 6 2022,7:00p,Memphis Grizzlies,,Houston Rockets,,,,,
Sun Mar 6 2022,7:00p,Utah Jazz,,Oklahoma City Thunder,,,,,
Sun Mar 6 2022,7:30p,New York Knicks,,Los Angeles Clippers,,,,,
Sun Mar 6 2022,10:00p,New Orleans Pelicans,,Denver Nuggets,,,,,
Mon Mar 7 2022,7:00p,Atlanta Hawks,,Detroit Pistons,,,,,
Mon Mar 7 2022,7:00p,Chicago Bulls,,Philadelphia 76ers,,,,,
Mon Mar 7 2022,7:30p,Houston Rockets,,Miami Heat,,,,,
Mon Mar 7 2022,8:00p,Portland Trail Blazers,,Minnesota Timberwolves,,,,,
Mon Mar 7 2022,8:30p,Utah Jazz,,Dallas Mavericks,,,,,
Mon Mar 7 2022,8:30p,Los Angeles Lakers,,San Antonio Spurs,,,,,
Mon Mar 7 2022,10:00p,New York Knicks,,Sacramento Kings,,,,,
Tue Mar 8 2022,7:00p,Brooklyn Nets,,Charlotte Hornets,,,,,
Tue Mar 8 2022,7:00p,Cleveland Cavaliers,,Indiana Pacers,,,,,
Tue Mar 8 2022,7:00p,Phoenix Suns,,Orlando Magic,,,,,
Tue Mar 8 2022,7:30p,New Orleans Pelicans,,Memphis Grizzlies,,,,,
Tue Mar 8 2022,8:00p,Milwaukee Bucks,,Oklahoma City Thunder,,,,,
Tue Mar 8 2022,10:00p,Los Angeles Clippers,,Golden State Warriors,,,,,
Wed Mar 9 2022,7:00p,Boston Celtics,,Charlotte Hornets,,,,,
Wed Mar 9 2022,7:00p,Chicago Bulls,,Detroit Pistons,,,,,
Wed Mar 9 2022,7:30p,Phoenix Suns,,Miami Heat,,,,,
Wed Mar 9 2022,7:30p,Atlanta Hawks,,Milwaukee Bucks,,,,,
Wed Mar 9 2022,8:00p,Los Angeles Lakers,,Houston Rockets,,,,,
Wed Mar 9 2022,8:00p,Oklahoma City Thunder,,Minnesota Timberwolves,,,,,
Wed Mar 9 2022,8:00p,Orlando Magic,,New Orleans Pelicans,,,,,
Wed Mar 9 2022,8:30p,New York Knicks,,Dallas Mavericks,,,,,
Wed Mar 9 2022,8:30p,Toronto Raptors,,San Antonio Spurs,,,,,
Wed Mar 9 2022,10:00p,Denver Nuggets,,Sacramento Kings,,,,,
Wed Mar 9 2022,10:00p,Portland Trail Blazers,,Utah Jazz,,,,,
Wed Mar 9 2022,10:30p,Washington Wizards,,Los Angeles Clippers,,,,,
Thu Mar 10 2022,7:30p,Brooklyn Nets,,Philadelphia 76ers,,,,,
Thu Mar 10 2022,10:00p,Golden State Warriors,,Denver Nuggets,,,,,
Fri Mar 11 2022,7:00p,Minnesota Timberwolves,,Orlando Magic,,,,,
Fri Mar 11 2022,7:30p,Los Angeles Clippers,,Atlanta Hawks,,,,,
Fri Mar 11 2022,7:30p,Detroit Pistons,,Boston Celtics,,,,,
Fri Mar 11 2022,8:00p,Dallas Mavericks,,Houston Rockets,,,,,
Fri Mar 11 2022,8:00p,New York Knicks,,Memphis Grizzlies,,,,,
Fri Mar 11 2022,8:00p,Cleveland Cavaliers,,Miami Heat,,,,,
Fri Mar 11 2022,8:00p,Charlotte Hornets,,New Orleans Pelicans,,,,,
Fri Mar 11 2022,8:30p,Utah Jazz,,San Antonio Spurs,,,,,
Fri Mar 11 2022,9:00p,Toronto Raptors,,Phoenix Suns,,,,,
Fri Mar 11 2022,10:30p,Washington Wizards,,Los Angeles Lakers,,,,,
Sat Mar 12 2022,8:00p,Cleveland Cavaliers,,Chicago Bulls,,,,,
Sat Mar 12 2022,8:00p,Minnesota Timberwolves,,Miami Heat,,,,,
Sat Mar 12 2022,8:00p,Indiana Pacers,,San Antonio Spurs,,,,,
Sat Mar 12 2022,8:30p,Milwaukee Bucks,,Golden State Warriors,,,,,
Sat Mar 12 2022,10:00p,Toronto Raptors,,Denver Nuggets,,,,,
Sat Mar 12 2022,10:00p,Washington Wizards,,Portland Trail Blazers,,,,,
Sat Mar 12 2022,10:00p,Sacramento Kings,,Utah Jazz,,,,,
Sun Mar 13 2022,1:00p,New York Knicks,,Brooklyn Nets,,,,,
Sun Mar 13 2022,3:00p,Los Angeles Clippers,,Detroit Pistons,,,,,
Sun Mar 13 2022,3:30p,Dallas Mavericks,,Boston Celtics,,,,,
Sun Mar 13 2022,6:00p,Philadelphia 76ers,,Orlando Magic,,,,,
Sun Mar 13 2022,7:00p,Indiana Pacers,,Atlanta Hawks,,,,,
Sun Mar 13 2022,7:00p,Houston Rockets,,New Orleans Pelicans,,,,,
Sun Mar 13 2022,7:00p,Memphis Grizzlies,,Oklahoma City Thunder,,,,,
Sun Mar 13 2022,9:00p,Los Angeles Lakers,,Phoenix Suns,,,,,
Mon Mar 14 2022,7:00p,Los Angeles Clippers,,Cleveland Cavaliers,,,,,
Mon Mar 14 2022,7:30p,Portland Trail Blazers,,Atlanta Hawks,,,,,
Mon Mar 14 2022,7:30p,Denver Nuggets,,Philadelphia 76ers,,,,,
Mon Mar 14 2022,8:00p,Charlotte Hornets,,Oklahoma City Thunder,,,,,
Mon Mar 14 2022,8:30p,Minnesota Timberwolves,,San Antonio Spurs,,,,,
Mon Mar 14 2022,10:00p,Washington Wizards,,Golden State Warriors,,,,,
Mon Mar 14 2022,10:00p,Chicago Bulls,,Sacramento Kings,,,,,
Mon Mar 14 2022,10:00p,Milwaukee Bucks,,Utah Jazz,,,,,
Mon Mar 14 2022,10:30p,Toronto Raptors,,Los Angeles Lakers,,,,,
Tue Mar 15 2022,7:00p,Memphis Grizzlies,,Indiana Pacers,,,,,
Tue Mar 15 2022,7:00p,Brooklyn Nets,,Orlando Magic,,,,,
Tue Mar 15 2022,7:30p,Detroit Pistons,,Miami Heat,,,,,
Tue Mar 15 2022,8:00p,Phoenix Suns,,New Orleans Pelicans,,,,,
Wed Mar 16 2022,7:00p,Atlanta Hawks,,Charlotte Hornets,,,,,
Wed Mar 16 2022,7:00p,Philadelphia 76ers,,Cleveland Cavaliers,,,,,
Wed Mar 16 2022,7:00p,Denver Nuggets,,Washington Wizards,,,,,
Wed Mar 16 2022,7:30p,Dallas Mavericks,,Brooklyn Nets,,,,,
Wed Mar 16 2022,7:30p,Portland Trail Blazers,,New York Knicks,,,,,
Wed Mar 16 2022,8:00p,Phoenix Suns,,Houston Rockets,,,,,
Wed Mar 16 2022,8:00p,Los Angeles Lakers,,Minnesota Timberwolves,,,,,
Wed Mar 16 2022,8:30p,Oklahoma City Thunder,,San Antonio Spurs,,,,,
Wed Mar 16 2022,9:00p,Chicago Bulls,,Utah Jazz,,,,,
Wed Mar 16 2022,10:00p,Boston Celtics,,Golden State Warriors,,,,,
Wed Mar 16 2022,10:00p,Milwaukee Bucks,,Sacramento Kings,,,,,
Wed Mar 16 2022,10:30p,Toronto Raptors,,Los Angeles Clippers,,,,,
Thu Mar 17 2022,7:00p,Detroit Pistons,,Orlando Magic,,,,,
Fri Mar 18 2022,7:00p,Dallas Mavericks,,Philadelphia 76ers,,,,,
Fri Mar 18 2022,7:30p,Memphis Grizzlies,,Atlanta Hawks,,,,,
Fri Mar 18 2022,7:30p,Portland Trail Blazers,,Brooklyn Nets,,,,,
Fri Mar 18 2022,7:30p,Denver Nuggets,,Cleveland Cavaliers,,,,,
Fri Mar 18 2022,7:30p,Washington Wizards,,New York Knicks,,,,,
Fri Mar 18 2022,7:30p,Los Angeles Lakers,,Toronto Raptors,,,,,
Fri Mar 18 2022,8:00p,Indiana Pacers,,Houston Rockets,,,,,
Fri Mar 18 2022,8:00p,Oklahoma City Thunder,,Miami Heat,,,,,
Fri Mar 18 2022,8:30p,New Orleans Pelicans,,San Antonio Spurs,,,,,
Fri Mar 18 2022,9:00p,Los Angeles Clippers,,Utah Jazz,,,,,
Fri Mar 18 2022,10:00p,Chicago Bulls,,Phoenix Suns,,,,,
Fri Mar 18 2022,10:00p,Boston Celtics,,Sacramento Kings,,,,,
Sat Mar 19 2022,5:00p,Milwaukee Bucks,,Minnesota Timberwolves,,,,,
Sat Mar 19 2022,7:00p,Dallas Mavericks,,Charlotte Hornets,,,,,
Sat Mar 19 2022,8:00p,Detroit Pistons,,Cleveland Cavaliers,,,,,
Sat Mar 19 2022,8:00p,Los Angeles Lakers,,Washington Wizards,,,,,
Sun Mar 20 2022,3:30p,Memphis Grizzlies,,Houston Rockets,,,,,
Sun Mar 20 2022,3:30p,Portland Trail Blazers,,Indiana Pacers,,,,,
Sun Mar 20 2022,6:00p,New Orleans Pelicans,,Atlanta Hawks,,,,,
Sun Mar 20 2022,6:00p,Oklahoma City Thunder,,Orlando Magic,,,,,
Sun Mar 20 2022,6:00p,Phoenix Suns,,Sacramento Kings,,,,,
Sun Mar 20 2022,7:30p,Utah Jazz,,New York Knicks,,,,,
Sun Mar 20 2022,8:00p,Boston Celtics,,Denver Nuggets,,,,,
Sun Mar 20 2022,8:30p,San Antonio Spurs,,Golden State Warriors,,,,,
Sun Mar 20 2022,8:30p,Toronto Raptors,,Philadelphia 76ers,,,,,
Mon Mar 21 2022,7:00p,New Orleans Pelicans,,Charlotte Hornets,,,,,
Mon Mar 21 2022,7:00p,Los Angeles Lakers,,Cleveland Cavaliers,,,,,
Mon Mar 21 2022,7:00p,Portland Trail Blazers,,Detroit Pistons,,,,,
Mon Mar 21 2022,7:00p,Miami Heat,,Philadelphia 76ers,,,,,
Mon Mar 21 2022,7:30p,Utah Jazz,,Brooklyn Nets,,,,,
Mon Mar 21 2022,8:00p,Toronto Raptors,,Chicago Bulls,,,,,
Mon Mar 21 2022,8:00p,Washington Wizards,,Houston Rockets,,,,,
Mon Mar 21 2022,8:00p,Boston Celtics,,Oklahoma City Thunder,,,,,
Mon Mar 21 2022,8:30p,Minnesota Timberwolves,,Dallas Mavericks,,,,,
Tue Mar 22 2022,7:00p,Golden State Warriors,,Orlando Magic,,,,,
Tue Mar 22 2022,7:30p,Atlanta Hawks,,New York Knicks,,,,,
Tue Mar 22 2022,8:00p,Chicago Bulls,,Milwaukee Bucks,,,,,
Tue Mar 22 2022,10:00p,Los Angeles Clippers,,Denver Nuggets,,,,,
Wed Mar 23 2022,7:00p,New York Knicks,,Charlotte Hornets,,,,,
Wed Mar 23 2022,7:00p,Atlanta Hawks,,Detroit Pistons,,,,,
Wed Mar 23 2022,7:00p,Sacramento Kings,,Indiana Pacers,,,,,
Wed Mar 23 2022,7:30p,Utah Jazz,,Boston Celtics,,,,,
Wed Mar 23 2022,7:30p,Brooklyn Nets,,Memphis Grizzlies,,,,,
Wed Mar 23 2022,7:30p,Golden State Warriors,,Miami Heat,,,,,
Wed Mar 23 2022,8:00p,Phoenix Suns,,Minnesota Timberwolves,,,,,
Wed Mar 23 2022,8:00p,Orlando Magic,,Oklahoma City Thunder,,,,,
Wed Mar 23 2022,8:30p,Houston Rockets,,Dallas Mavericks,,,,,
Wed Mar 23 2022,10:00p,Philadelphia 76ers,,Los Angeles Lakers,,,,,
Wed Mar 23 2022,10:00p,San Antonio Spurs,,Portland Trail Blazers,,,,,
Thu Mar 24 2022,7:30p,Cleveland Cavaliers,,Toronto Raptors,,,,,
Thu Mar 24 2022,8:00p,Indiana Pacers,,Memphis Grizzlies,,,,,
Thu Mar 24 2022,8:00p,Washington Wizards,,Milwaukee Bucks,,,,,
Thu Mar 24 2022,8:00p,Chicago Bulls,,New Orleans Pelicans,,,,,
Thu Mar 24 2022,9:00p,Phoenix Suns,,Denver Nuggets,,,,,
Fri Mar 25 2022,7:00p,Utah Jazz,,Charlotte Hornets,,,,,
Fri Mar 25 2022,7:00p,Washington Wizards,,Detroit Pistons,,,,,
Fri Mar 25 2022,7:30p,Golden State Warriors,,Atlanta Hawks,,,,,
Fri Mar 25 2022,8:00p,New York Knicks,,Miami Heat,,,,,
Fri Mar 25 2022,8:00p,Dallas Mavericks,,Minnesota Timberwolves,,,,,
Fri Mar 25 2022,10:00p,Houston Rockets,,Portland Trail Blazers,,,,,
Fri Mar 25 2022,10:30p,Philadelphia 76ers,,Los Angeles Clippers,,,,,
Sat Mar 26 2022,5:00p,San Antonio Spurs,,New Orleans Pelicans,,,,,
Sat Mar 26 2022,7:00p,Sacramento Kings,,Orlando Magic,,,,,
Sat Mar 26 2022,7:30p,Indiana Pacers,,Toronto Raptors,,,,,
Sat Mar 26 2022,8:00p,Chicago Bulls,,Cleveland Cavaliers,,,,,
Sat Mar 26 2022,8:00p,Milwaukee Bucks,,Memphis Grizzlies,,,,,
Sat Mar 26 2022,8:00p,Brooklyn Nets,,Miami Heat,,,,,
Sat Mar 26 2022,9:00p,Oklahoma City Thunder,,Denver Nuggets,,,,,
Sat Mar 26 2022,10:00p,Houston Rockets,,Portland Trail Blazers,,,,,
Sun Mar 27 2022,3:30p,New York Knicks,,Detroit Pistons,,,,,
Sun Mar 27 2022,6:00p,Minnesota Timberwolves,,Boston Celtics,,,,,
Sun Mar 27 2022,6:00p,Philadelphia 76ers,,Phoenix Suns,,,,,
Sun Mar 27 2022,6:00p,Golden State Warriors,,Washington Wizards,,,,,
Sun Mar 27 2022,7:00p,Los Angeles Lakers,,New Orleans Pelicans,,,,,
Sun Mar 27 2022,7:30p,Charlotte Hornets,,Brooklyn Nets,,,,,
Sun Mar 27 2022,7:30p,Utah Jazz,,Dallas Mavericks,,,,,
Mon Mar 28 2022,7:00p,Denver Nuggets,,Charlotte Hornets,,,,,
Mon Mar 28 2022,7:00p,Orlando Magic,,Cleveland Cavaliers,,,,,
Mon Mar 28 2022,7:00p,Atlanta Hawks,,Indiana Pacers,,,,,
Mon Mar 28 2022,7:30p,Sacramento Kings,,Miami Heat,,,,,
Mon Mar 28 2022,7:30p,Chicago Bulls,,New York Knicks,,,,,
Mon Mar 28 2022,7:30p,Boston Celtics,,Toronto Raptors,,,,,
Mon Mar 28 2022,8:00p,San Antonio Spurs,,Houston Rockets,,,,,
Mon Mar 28 2022,8:00p,Golden State Warriors,,Memphis Grizzlies,,,,,
Mon Mar 28 2022,10:00p,Oklahoma City Thunder,,Portland Trail Blazers,,,,,
Tue Mar 29 2022,7:00p,Milwaukee Bucks,,Philadelphia 76ers,,,,,
Tue Mar 29 2022,7:00p,Chicago Bulls,,Washington Wizards,,,,,
Tue Mar 29 2022,7:30p,Detroit Pistons,,Brooklyn Nets,,,,,
Tue Mar 29 2022,7:30p,Los Angeles Lakers,,Dallas Mavericks,,,,,
Tue Mar 29 2022,10:00p,Utah Jazz,,Los Angeles Clippers,,,,,
Wed Mar 30 2022,7:00p,Dallas Mavericks,,Cleveland Cavaliers,,,,,
Wed Mar 30 2022,7:00p,Denver Nuggets,,Indiana Pacers,,,,,
Wed Mar 30 2022,7:00p,Orlando Magic,,Washington Wizards,,,,,
Wed Mar 30 2022,7:30p,Miami Heat,,Boston Celtics,,,,,
Wed Mar 30 2022,7:30p,Charlotte Hornets,,New York Knicks,,,,,
Wed Mar 30 2022,7:30p,Minnesota Timberwolves,,Toronto Raptors,,,,,
Wed Mar 30 2022,8:00p,Sacramento Kings,,Houston Rockets,,,,,
Wed Mar 30 2022,8:00p,Atlanta Hawks,,Oklahoma City Thunder,,,,,
Wed Mar 30 2022,8:30p,Memphis Grizzlies,,San Antonio Spurs,,,,,
Wed Mar 30 2022,10:00p,Phoenix Suns,,Golden State Warriors,,,,,
Wed Mar 30 2022,10:00p,New Orleans Pelicans,,Portland Trail Blazers,,,,,
Thu Mar 31 2022,7:00p,Philadelphia 76ers,,Detroit Pistons,,,,,
Thu Mar 31 2022,7:30p,Milwaukee Bucks,,Brooklyn Nets,,,,,
Thu Mar 31 2022,8:00p,Los Angeles Clippers,,Chicago Bulls,,,,,
Thu Mar 31 2022,10:00p,Los Angeles Lakers,,Utah Jazz,,,,,
Fri Apr 1 2022,7:00p,Toronto Raptors,,Orlando Magic,,,,,
Fri Apr 1 2022,7:00p,Dallas Mavericks,,Washington Wizards,,,,,
Fri Apr 1 2022,7:30p,Indiana Pacers,,Boston Celtics,,,,,
Fri Apr 1 2022,8:00p,Sacramento Kings,,Houston Rockets,,,,,
Fri Apr 1 2022,8:00p,Phoenix Suns,,Memphis Grizzlies,,,,,
Fri Apr 1 2022,8:00p,Los Angeles Clippers,,Milwaukee Bucks,,,,,
Fri Apr 1 2022,8:00p,Detroit Pistons,,Oklahoma City Thunder,,,,,
Fri Apr 1 2022,8:30p,Portland Trail Blazers,,San Antonio Spurs,,,,,
Fri Apr 1 2022,9:00p,Minnesota Timberwolves,,Denver Nuggets,,,,,
Fri Apr 1 2022,10:30p,New Orleans Pelicans,,Los Angeles Lakers,,,,,
Sat Apr 2 2022,12:30p,Charlotte Hornets,,Philadelphia 76ers,,,,,
Sat Apr 2 2022,1:00p,Cleveland Cavaliers,,New York Knicks,,,,,
Sat Apr 2 2022,7:30p,Brooklyn Nets,,Atlanta Hawks,,,,,
Sat Apr 2 2022,8:00p,Miami Heat,,Chicago Bulls,,,,,
Sat Apr 2 2022,8:30p,Utah Jazz,,Golden State Warriors,,,,,
Sun Apr 3 2022,1:00p,Dallas Mavericks,,Milwaukee Bucks,,,,,
Sun Apr 3 2022,1:00p,Washington Wizards,,Boston Celtics,,,,,
Sun Apr 3 2022,3:30p,Denver Nuggets,,Los Angeles Lakers,,,,,
Sun Apr 3 2022,5:00p,Detroit Pistons,,Indiana Pacers,,,,,
Sun Apr 3 2022,6:00p,Philadelphia 76ers,,Cleveland Cavaliers,,,,,
Sun Apr 3 2022,6:00p,New York Knicks,,Orlando Magic,,,,,
Sun Apr 3 2022,7:00p,Minnesota Timberwolves,,Houston Rockets,,,,,
Sun Apr 3 2022,7:00p,Miami Heat,,Toronto Raptors,,,,,
Sun Apr 3 2022,7:00p,Portland Trail Blazers,,San Antonio Spurs,,,,,
Sun Apr 3 2022,7:00p,Phoenix Suns,,Oklahoma City Thunder,,,,,
Sun Apr 3 2022,9:00p,Golden State Warriors,,Sacramento Kings,,,,,
Sun Apr 3 2022,9:30p,New Orleans Pelicans,,Los Angeles Clippers,,,,,
Tue Apr 5 2022,7:00p,Philadelphia 76ers,,Indiana Pacers,,,,,
Tue Apr 5 2022,7:00p,Cleveland Cavaliers,,Orlando Magic,,,,,
Tue Apr 5 2022,7:30p,Houston Rockets,,Brooklyn Nets,,,,,
Tue Apr 5 2022,7:30p,Charlotte Hornets,,Miami Heat,,,,,
Tue Apr 5 2022,7:30p,Atlanta Hawks,,Toronto Raptors,,,,,
Tue Apr 5 2022,8:00p,Milwaukee Bucks,,Chicago Bulls,,,,,
Tue Apr 5 2022,8:00p,Washington Wizards,,Minnesota Timberwolves,,,,,
Tue Apr 5 2022,8:00p,Portland Trail Blazers,,Oklahoma City Thunder,,,,,
Tue Apr 5 2022,9:00p,San Antonio Spurs,,Denver Nuggets,,,,,
Tue Apr 5 2022,9:00p,Memphis Grizzlies,,Utah Jazz,,,,,
Tue Apr 5 2022,10:00p,New Orleans Pelicans,,Sacramento Kings,,,,,
Tue Apr 5 2022,10:30p,Los Angeles Lakers,,Phoenix Suns,,,,,
Wed Apr 6 2022,7:00p,Dallas Mavericks,,Detroit Pistons,,,,,
Wed Apr 6 2022,7:30p,Brooklyn Nets,,New York Knicks,,,,,
Wed Apr 6 2022,8:00p,Boston Celtics,,Chicago Bulls,,,,,
Wed Apr 6 2022,8:00p,Washington Wizards,,Atlanta Hawks,,,,,
Wed Apr 6 2022,9:00p,Oklahoma City Thunder,,Utah Jazz,,,,,
Wed Apr 6 2022,10:00p,Phoenix Suns,,Los Angeles Clippers,,,,,
Thu Apr 7 2022,7:00p,Orlando Magic,,Charlotte Hornets,,,,,
Thu Apr 7 2022,7:30p,Boston Celtics,,Milwaukee Bucks,,,,,
Thu Apr 7 2022,7:30p,Philadelphia 76ers,,Toronto Raptors,,,,,
Thu Apr 7 2022,8:00p,San Antonio Spurs,,Minnesota Timberwolves,,,,,
Thu Apr 7 2022,8:00p,Portland Trail Blazers,,New Orleans Pelicans,,,,,
Thu Apr 7 2022,9:00p,Memphis Grizzlies,,Denver Nuggets,,,,,
Thu Apr 7 2022,10:00p,Los Angeles Lakers,,Golden State Warriors,,,,,
Fri Apr 8 2022,7:00p,New York Knicks,,Washington Wizards,,,,,
Fri Apr 8 2022,7:00p,Milwaukee Bucks,,Detroit Pistons,,,,,
Fri Apr 8 2022,7:30p,Cleveland Cavaliers,,Brooklyn Nets,,,,,
Fri Apr 8 2022,7:30p,Houston Rockets,,Toronto Raptors,,,,,
Fri Apr 8 2022,8:00p,Atlanta Hawks,,Miami Heat,,,,,
Fri Apr 8 2022,8:00p,Charlotte Hornets,,Chicago Bulls,,,,,
Fri Apr 8 2022,8:30p,Portland Trail Blazers,,Dallas Mavericks,,,,,
Fri Apr 8 2022,9:30p,Phoenix Suns,,Utah Jazz,,,,,
Fri Apr 8 2022,10:30p,Oklahoma City Thunder,,Los Angeles Lakers,,,,,
Sat Apr 9 2022,,Sacramento Kings,,Los Angeles Clippers,,,,,
Sat Apr 9 2022,,Golden State Warriors,,San Antonio Spurs,,,,,
Sat Apr 9 2022,,New Orleans Pelicans,,Memphis Grizzlies,,,,,
Sat Apr 9 2022,,Indiana Pacers,,Philadelphia 76ers,,,,,
Sun Apr 10 2022,,Utah Jazz,,Portland Trail Blazers,,,,,
Sun Apr 10 2022,,Sacramento Kings,,Phoenix Suns,,,,,
Sun Apr 10 2022,,Detroit Pistons,,Philadelphia 76ers,,,,,
Sun Apr 10 2022,,Miami Heat,,Orlando Magic,,,,,
Sun Apr 10 2022,,Toronto Raptors,,New York Knicks,,,,,
Sun Apr 10 2022,,Golden State Warriors,,New Orleans Pelicans,,,,,
Sun Apr 10 2022,,Chicago Bulls,,Minnesota Timberwolves,,,,,
Sun Apr 10 2022,,Boston Celtics,,Memphis Grizzlies,,,,,
Sun Apr 10 2022,,Oklahoma City Thunder,,Los Angeles Clippers,,,,,
Sun Apr 10 2022,,Atlanta Hawks,,Houston Rockets,,,,,
Sun Apr 10 2022,,Los Angeles Lakers,,Denver Nuggets,,,,,
Sun Apr 10 2022,,San Antonio Spurs,,Dallas Mavericks,,,,,
Sun Apr 10 2022,,Milwaukee Bucks,,Cleveland Cavaliers,,,,,
Sun Apr 10 2022,,Washington Wizards,,Charlotte Hornets,,,,,
Sun Apr 10 2022,,Indiana Pacers,,Brooklyn Nets,,,,,
